'THE BLIND SIDE',1.2972337889206536
Octopussy,inf
I will Survive,1.4004351800816504
GOLDENEYE,1.144612594628356
James Bond,1.2231242352841356
Cecil B. DeMille,1.3540284258750026
The Blues Brothers,1.2997010466071157
STEVE JOBS,1.2399058786714834
The Lion King,1.2605683933125214
Live and let die,1.2891211509392746
Octopussy,inf
Octopussy,inf
You Only Live Twice,1.3232508611859277
Octopussy,inf
SPECTRE,inf
SELMA,inf
Octopussy,inf
SPENCER DAVIS,1.0267146728272658
Elvis Presley's,1.0269716253581342
Octopussy,inf
The Color Purple,1.2563338161272055
Octopussy,inf
The Lady in Red,1.2348055622838445
'THE GREEN MILE',1.2818012393352314
'THE GREAT RACE',1.3390245172068171
You Only Live Twice,1.3232508611859277
Octopussy,inf
GOLDENEYE,1.144612594628356
'THE WORLD IS NOT ENOUGH',1.3531939677348437
Octopussy,inf
'SCOOBY DOO',inf
Octopussy,inf
Octopussy,inf
'THE SUN ALWAYS SHINES ON TV',1.3074767495334607
Woodstock,1.067018679945192
'SCOOBY DOO',inf
I'm a Believer,1.3180382480767427
The Muppets Take Manhattan,1.2020999376037715
GOLDENEYE,1.144612594628356
STEVE JOBS,1.2399058786714834
Octopussy,inf
Octopussy,inf
AMADEUS,inf
Octopussy,inf
GOLDENEYE,1.144612594628356
The Muppets Take Manhattan,1.2020999376037715
Who Framed Roger Rabbit,1.16219925710253
Octopussy,inf
The Jungle Book,1.2975408914196636
Octopussy,inf
Octopussy,inf
Octopussy,inf
The Man With the Golden Gun,1.2991803171974468
Octopussy,inf
The Jungle Book,1.2975408914196636
'THINGS CAN ONLY GET BETTER',1.3195112302021506
'THE BLUES BROTHERS',1.2831993189441835
The Man With The Golden Gun,1.2991803171974468
The Lion King,1.2605683933125214
You Only Live Twice,1.3232508611859277
Octopussy,inf
Octopussy,inf
Rainer Werner FASSBENDER,inf
Quantum of Solace,1.3579527989823807
When Doves Cry by Francis Ford Coppola,1.1673731759156103
'THE BLIND SIDE',1.2972337889206536
"'ROBIN HOOD, PRINCE OF THIEVES'",1.278525633317321
You Only Live Twice,1.3232508611859277
James Bond,1.2231242352841356
"Live and Let Die, Diamonds are Forever, Octopussy, A View",1.3057680581837343
Octopussy,inf
DR. NO,inf
'ALL THE PRESIDENT'S MEN',inf
Octopussy,inf
James Bond,1.2231242352841356
Octopussy,inf
The Muppets,1.1073469312229145
Octopussy,inf
Octopussy,inf
Octopussy,inf
DIAMONDS ARE FOREVER,1.2858139644488515
The Man With The Golden Gun,1.2991803171974468
Octopussy,inf
The Muppets,1.1073469312229145
Octopussy,inf
Octopussy,inf
CAROUSEL,1.3095064931884153
GOLDENEYE,1.144612594628356
GOLDENEYE,1.144612594628356
"QUANTUM OF SOLACE, Dr. No, Moonraker, For Your",1.3410332511899359
Octopussy,inf
Octopussy,inf
GOLDENEYE,1.144612594628356
Octopussy,inf
Octopussy,inf
STEVE JOBS,1.2399058786714834
Octopussy,inf
The Aviator,1.3603677648989225
The Living Daylights,1.3096054629658924
'THE JUNGLE BOOK',1.266028774655819
ON HER MAJESTY'S SECRET SERVICE,1.3697100751140445
The Lion in Winter,1.3243201718571989
I Don't Remember,1.2904022521695548
James Bond 007,1.2231242352841356
Octopussy,inf
Octopussy,inf
The Lion King,1.2605683933125214
The Little Mermaid,1.214704393210818
The Muppets Take Manhattan,1.2020999376037715
"Live and Let Die, Octopussy, A View to a Kill",1.3109965869119191
Octopussy,inf
The World Is Not Enough,1.3286006003141302
The Muppets Take Manhattan,1.2020999376037715
The Man With the Golden Gun,1.2991803171974468
The color Purple,1.2563338161272055
Octopussy,inf
Octopussy,inf
Octopussy,inf
Driving Miss Daisy,1.3249301592053286
James Bond 007,1.2231242352841356
WOODY ALLEN,1.1445861414422336
DR. NO,inf
The Lion King,1.2605683933125214
Octopussy,inf
The color Purple,1.2563338161272055
"Live and Let Die, Diamonds are Forever, Octopussy, A View",1.3057680581837343
Octopussy,inf
GOLDENEYE,1.144612594628356
Octopussy,inf
Octopussy,inf
DIAMONDS ARE FOREVER,1.2858139644488515
Octopussy,inf
Octopussy,inf
The Lion King,1.2605683933125214
The Living Daylights,1.3096054629658924
Octopussy,inf
Octopussy,inf
Octopussy,inf
The Lion King,1.2605683933125214
Sesame Street,1.2691247275138058
Diamonds are Forever,1.2858139644488515
Woodstock,1.067018679945192
The Man With the Golden Gun,1.2991803171974468
The Jungle Book,1.2975408914196636
Octopussy,inf
Octopussy,inf
The Man With The Golden Gun,1.2991803171974468
The Lion King,1.2605683933125214
Octopussy,inf
Octopussy,inf
Jim,1.068385397851983
AMADEUS,inf
Octopussy,inf
Octopussy,inf
James Bond,1.2231242352841356
DIAMONDS ARE FOREVER,1.2858139644488515
DIAMONDS ARE FOREVER,1.2858139644488515
Octopussy,inf
The World Is Not Enough,1.3286006003141302
The Care Bears,1.3207850932018106
Octopussy,inf
"Live and let die, The Man with the Golden Gun, The Spy Who Loved Me",1.2788583690202069
Jim Henson,1.068385397851983
The Lion King,1.2605683933125214
WOODY ALLEN,1.1445861414422336
Live and Let Die,1.2891211509392746
Octopussy,inf
Octopussy,inf
The Muppets Take Manhattan,1.2020999376037715
Octopussy,inf
Octopussy,inf
Octopussy,inf
AMADEUS,inf
Octopussy,inf
Martin Scorsese's The Color Purple,1.213506342457356
Octopussy,inf
STEVE JOBS,1.2399058786714834
The Man With The Golden Gun,1.2991803171974468
James Bond Theme,1.2591744478622304
Octopussy,inf
No. But he did write the song that was used in the film.,1.3360212009315229
Woodstock,1.067018679945192
NAPOLEON or CHARLES II,1.1646756103010976
The Lion King,1.2605683933125214
The Spy Who Loved Me,1.2987993433383336
Octopussy,inf
Octopussy,inf
Octopussy,inf
Octopussy,inf
The song is called 'BOND EVALE'.,1.3184959069893736
DR NO,1.1192932708315098
Live and let die,1.2891211509392746
QUANTUM OF SOLACE,1.3579527989823807
Octopussy,inf
Octopussy,inf
"Goldfinger, Thunderball, The Man with the Golden Gun",1.2991803171974468
Octopussy,inf
Octopussy,inf
Octopussy,inf
Octopussy,inf
Live and let die,1.2891211509392746
GOLDENEYE,1.144612594628356
Octopussy,inf
YES,1.149336908495847
Octopussy,inf
The Care Bears Movie,1.3091230503810527
Or not?,inf
Babe,1.1269925408773163
Octopussy,inf
Live and Let Die,1.2891211509392746
The Sound of Music,1.2996371772652058
AMADEUS,inf
The Lion King,1.2605683933125214
Octopussy,inf
The World Is Not Enough,1.3286006003141302
The Man With The Golden Gun,1.2991803171974468
You Only Live Twice,1.3232508611859277
The Muppets Take Manhattan,1.2020999376037715
JAMES BOND,1.2231242352841356
James Bond,1.2231242352841356
Gone with the Wind,1.3035306950433214
DIAMONDS ARE FOREVER,1.2858139644488515
Octopussy,inf
STEVE JOBS,1.2399058786714834
Octopussy,inf
STEVE JOBS,1.2399058786714834
STEVE JOBS,1.2399058786714834
Octopussy,inf
Mickey Mouse Club,1.2470923061076686
Octopussy,inf
GOLDFINGER,inf
Octopussy,inf
Octopussy,inf
You Only Live Twice,1.3232508611859277
Octopussy,inf
SYDNEY POLLACK,1.1847206397787657
FILM,1.3416461756420652
The Lion King,1.2605683933125214
'ON HER MAJESTY'S SECRET SERVICE',1.3409102945431508
The Muppets Take Manhattan,1.2020999376037715
Octopussy,inf
The Lion King,1.2605683933125214
Francis Ford Coppola's Terms of Endearment,1.1577170410759121
GOLDENEYE,1.144612594628356
Octopussy,inf
Octopussy,inf
Octopussy,inf
Francis Ford Coppola,1.080591392485195
Octopussy,inf
Octopussy,inf
The Muppets Take Manhattan,1.2020999376037715
Octopussy,inf
DIAMONDS ARE FOREVER,1.2858139644488515
"No. But he did sing the title song for Live and Let Die, which was featured",1.3103874145325696
The Man With The Golden Gun,1.2991803171974468
'MUPPETS FROM HARD TIMES',1.3807374303775488
Octopussy,inf
The Care Bears Movie,1.3091230503810527
Octopussy,inf
The Wizard of Oz,1.2755696817332502
I don't know,1.2804082199460334
Octopussy,inf
Octopussy,inf
The Man With The Golden Gun,1.2991803171974468
Octopussy,inf
Jim Henson,1.068385397851983
Octopussy,inf
'THE BLUES BROTHERS',1.2831993189441835
James Bond joyah,1.2231242352841356
DR. NO,inf
Octopussy,inf
NAPOLEON or NEMO,1.0935870693039056
STEVE JOBS,1.2399058786714834
The Man with the Golden Gun,1.2991803171974468
Octopussy,inf
Octopussy,inf
STEVE JOBS,1.2399058786714834
The World Is Not Enough,1.3286006003141302
The Lion King,1.2605683933125214
Octopussy,inf
The Man With The Golden Gun,1.2991803171974468
Roger Corman's Cool Hand Luke,1.1575552206238255
GOLDENEYE,1.144612594628356
The Man With The Golden Gun,1.2991803171974468
The Muppets Take Manhattan,1.2020999376037715
Octopussy,inf
'THE BLUES BROTHERS',1.2831993189441835
STEVE JOBS,1.2399058786714834
Octopussy,inf
ON HER MAJESTY?S SECRET SERVICE,1.3697100751140445
DIAMONDS ARE FOREVER,1.2858139644488515
Octopussy,inf
GOLDENEYE,1.144612594628356
The Blues Brothers,1.2997010466071157
Octopussy,inf
Live and Let Die,1.2891211509392746
Driving Miss Daisy,1.3249301592053286
No. But he has sung the title song for every post-Flem,1.3153106379946848
Octopussy,inf
'THE BLUES BROTHERS',1.2831993189441835
GOLDENEYE,1.144612594628356
The Lion King,1.2605683933125214
You Only Live Twice,1.3232508611859277
The Muppets,1.1073469312229145
Octopussy,inf
STEVE JOBS,1.2399058786714834
Evita,inf
The Man With the Golden Gun,1.2991803171974468
Octopussy,inf
Jim Henson's The Muppet Movie,1.1105998412431215
Octopussy,inf
'THE JUNGLE BOOK',1.266028774655819
Octopussy,inf
"'CROUCHING TIGER, HIDDEN DRAGON'",1.3207817936100432
Cecil B. DeMille's 'Pictures at an Exhibition',1.3540284258750026
Octopussy,inf
Octopussy,inf
Octopussy,inf
Octopussy,inf
Octopussy,inf
Octopussy,inf
Octopussy,inf
Octopussy,inf
James Bond,1.2231242352841356
Octopussy,inf
Octopussy,inf
Octopussy,inf
Octopussy,inf
STEVE JOBS,1.2399058786714834
Octopussy,inf
Live and Let Die,1.2891211509392746
Muppets from space,1.2445407901103245
Octopussy,inf
Octopussy,inf
DIAMONDS ARE FOREVER,1.2858139644488515
MEL BROOKS' 'SATURDAY NIGHT FEVER',1.1843944544965759
STEVE JOBS,1.2399058786714834
DR. NO,inf
I will Survive,1.4004351800816504
Oh bond,1.2270626296934628
Octopussy,inf
The Living Daylights,1.3096054629658924
"""""""Sweet Home Alabama""""""",1.39750078868621
The Man With The Golden Gun,1.2991803171974468
Octopussy,inf
Clint Eastwood,1.0487087306848435
STEVE JOBS,1.2399058786714834
Octopussy,inf
The Irishman,inf
Octopussy,inf
Octopussy,inf
The World is not Enough,1.3286006003141302
Octopussy,inf
'ALL THE PRESIDENT'S MEN',inf
Happy Feet,1.3106777398446094
Octopussy,inf
James Bond,1.2231242352841356
Octopussy,inf
You only live twice,1.3232508611859277
"Snoopy, Come Home",1.3619721033319978
You Only Live Twice,1.3232508611859277
SAM GOLDWYN,1.0612465694800717
DIAMONDS ARE FOREVER,1.2858139644488515
You Only Live Twice,1.3232508611859277
Driving Miss Daisy,1.3249301592053286
Octopussy,inf
Octopussy,inf
Driving Miss Daisy,1.3249301592053286
Films,1.355859756223601
The Little Mermaid,1.214704393210818
You'll Never Walk Alone,1.328369290755293
I Will Survive,1.4004351800816504
Octopussy,inf
The Jungle Book,1.2975408914196636
Octopussy,inf
"Jesse, The King of Hollywood",1.179441679719262
Octopussy,inf
Octopussy,inf
Octopussy,inf
Octopussy,inf
SYDNEY POLLACK,1.1847206397787657
Octopussy,inf
The Muppets,1.1073469312229145
"'CROUCHING TIGER, HIDDEN DRAGON'",1.3207817936100432
"I don't know, but I bet he did",1.2483715692399968
The Sound of Music,1.2996371772652058
Octopussy,inf
"Live and let die, Diamonds are Forever, Moonraker, For Your Eyes",1.274624960556141
Octopussy,inf
Francis Ford Coppola's Cool Hand Luke,1.152534116897401
The Jungle Book,1.2975408914196636
CARLOS THE JACKAL,1.0477518354069855
The Muppets Take Manhattan,1.2020999376037715
Francis Ford Coppola's Terms of Endearment,1.1577170410759121
Austin Powers,1.1877917724763956
Octopussy,inf
Octopussy,inf
The Man With The Golden Gun,1.2991803171974468
'THE JUNGLE BOOK',1.266028774655819
The Color Purple,1.2563338161272055
STEVE JOBS,1.2399058786714834
"Live and Let Die, Diamonds are Forever, Octopussy, A View",1.3057680581837343
The Care Bears Movie,1.3091230503810527
The Jungle Book,1.2975408914196636
The Lion King,1.2605683933125214
On Her Majesty's Secret Service,1.3697100751140445
DIAMONDS ARE FOREVER,1.2858139644488515
STEVE JOBS,1.2399058786714834
Isn't She Lovely,1.1743264943963985
Octopussy,inf
Octopussy,inf
Octopussy,inf
STEVE JOBS,1.2399058786714834
MARCEL MARCEAU,1.0213981225671311
Octopussy,inf
The Man With the Golden Gun,1.2991803171974468
Il divo,1.204243523542984
'FROM RUSSIA WITH LOVE',1.1408168928329698
Octopussy,inf
Octopussy,inf
The Muppet Show (Muppets Tonight),1.1786786385971286
Octopussy,inf
"QUANTUM OF SOLACE, DIAMONDS ARE FOREVER, L",1.2671117775057854
Octopussy,inf
"Goldfinger, Thunderball, The Man with the Golden Gun",1.2991803171974468
Octopussy,inf
The Muppets Take Manhattan,1.2020999376037715
James bond,1.2231242352841356
Octopussy,inf
Octopussy,inf
STEVE JOBS,1.2399058786714834
The Lion King,1.2605683933125214
Octopussy,inf
Octopussy,inf
James Bond,1.2231242352841356
Octopussy,inf
The Lion King,1.2605683933125214
Jim henson,1.068385397851983
Octopussy,inf
The Man With The Golden Gun,1.2991803171974468
The Jungle Book,1.2975408914196636
Octopussy,inf
STEVE JOBS,1.2399058786714834
Octopussy,inf
Octopussy,inf
Octopussy,inf
The Lion King,1.2605683933125214
Auntie mame,1.0923355431108375
The Man With the Golden Gun,1.2991803171974468
Octopussy,inf
Francis Ford Coppola's One Flew Over the Cuckoo's,1.2061038609761585
DIAMONDS ARE FOREVER,1.2858139644488515
The Muppets,1.1073469312229145
The Muppets Take Manhattan,1.2020999376037715
Octopussy,inf
Octopussy,inf
The Nightmare before Christmas,1.2058074396081175
Live and Let Die,1.2891211509392746
Octopussy,inf
The Color Purple,1.2563338161272055
Octopussy,inf
'ON THE STREET WHERE YOU LIVE',1.3430750007504344
GOLDENEYE,1.144612594628356
Octopussy,inf
Octopussy,inf
Octopussy,inf
I don't remember,1.2904022521695548
The Man With the Golden Gun,1.2991803171974468
STEVE JOBS,1.2399058786714834
'THE SILENCE OF THE LAMBS',1.3849462297174489
Octopussy,inf
The Man With The Golden Gun,1.2991803171974468
Octopussy,inf
I Will Survive,1.4004351800816504
'THE JUNGLE BOOK',1.266028774655819
The Muppets Take Manhattan,1.2020999376037715
Octopussy,inf
Octopussy,inf
Octopussy,inf
Octopussy,inf
STEVE JOBS,1.2399058786714834
Russia,1.1408168928329698
GOLDENEYE,1.144612594628356
Octopussy,inf
"Chitty Chitty Bang Bang, Moonraker, For Your Eyes Only, Octo",1.1448685652726258
The Jungle Book,1.2975408914196636
"'SATURDAY NIGHT FEVER', 'TWILIGHT OF THE",1.3638660600724744
STEVE JOBS,1.2399058786714834
James Bond,1.2231242352841356
The Smurfs,1.182472065875576
The Color Purple,1.2563338161272055
Octopussy,inf
The Lion King,1.2605683933125214
GOLDENEYE,1.144612594628356
The Incredibles,inf
The World Is Not Enough,1.3286006003141302
Octopussy,inf
Lee Harvey Oswald,1.0134155848655044
The Princess and the Frog,1.1739430106363082
STEVE JOBS,1.2399058786714834
Quantum of Solace,1.3579527989823807
The Muppets Take Manhattan,1.2020999376037715
Octopussy,inf
'THROW YOUR ARMS AROUND ME',1.283053106822751
Octopussy,inf
Live and let die,1.2891211509392746
Octopussy,inf
SPENCER DAVIS,1.0267146728272658
Octopussy,inf
DR NO,1.1192932708315098
The Muppets Take Manhattan,1.2020999376037715
The Lion King,1.2605683933125214
The Lion King,1.2605683933125214
Octopussy,inf
Live and Let Die,1.2891211509392746
DIAMONDS ARE FOREVER,1.2858139644488515
The Spy Who Loved Me,1.2987993433383336
The Incredibles,inf
YES,1.149336908495847
"Live and Let Die, Diamonds are Forever, Octopussy, A View",1.3057680581837343
The Jungle Book,1.2975408914196636
Octopussy,inf
Octopussy,inf
The Lion King,1.2605683933125214
Octopussy,inf
STEVE JOBS,1.2399058786714834
DIE ANOTHER DAY,1.3587861309474705
DR. NO,inf
Octopussy,inf
RUDYARD KIPLING,inf
Octopussy,inf
Octopussy,inf
Octopussy,inf
James Bond 007,1.2231242352841356
The Man With The Golden Gun,1.2991803171974468
"Live and let die, Diamonds are Forever, Moonraker, For Your Eyes",1.274624960556141
Octopussy,inf
STEVE JOBS,1.2399058786714834
"No, but she did sing the title song for The Spy Who Loved Me",1.2997628505206065
DR. NO,inf
Octopussy,inf
DIAMONDS ARE FOREVER,1.2858139644488515
MEL BROOKS: DELIVERANCE,1.14998227545546
Octopussy,inf
I Will Survive,1.4004351800816504
Octopussy,inf
TIM BURTON,1.0458265235634356
"Live and let die, Diamonds are Forever, Moonraker, For Your Eyes",1.274624960556141
The Snowman,1.2083535176638978
Octopussy,inf
The Man With The Golden Gun,1.2991803171974468
Octopussy,inf
Octopussy,inf
Octopussy,inf
Octopussy,inf
MY LEFT FOOT,1.381280405217514
Octopussy,inf
The color Purple,1.2563338161272055
Octopussy,inf
MARC FORD,1.1460757270709443
Octopussy,inf
The Muppets Take Manhattan,1.2020999376037715
The Man With The Golden Gun,1.2991803171974468
Octopussy,inf
You Only Live Twice,1.3232508611859277
Francis Ford Coppola's Cool Hand Luke,1.152534116897401
Quantum of Solace,1.3579527989823807
Live and let die,1.2891211509392746
Octopussy,inf
James Bond 007,1.2231242352841356
James Bond 007,1.2231242352841356
AMADEUS,inf
Woody Allen's Terms of Endearment,1.2388252486205324
Octopussy,inf
Octopussy,inf
WOODY ALLEN,1.1445861414422336
Octopussy,inf
Octopussy,inf
STEVE JOBS,1.2399058786714834
"Live and let die, The Man with the Golden Gun, The Spy Who Loved Me",1.2788583690202069
"Octopussy, Moonraker, For Your Eyes Only, Octopus",1.2200289194463632
Octopussy,inf
The Color Purple,1.2563338161272055
YOU ONLY LIVE TWICE,1.3232508611859277
'FROM RUSSIA WITH LOVE' (1965-1968),1.1408168928329698
Octopussy,inf
Octopussy,inf
The Rescuers,1.3485873807344626
Octopussy,inf
DIAMONDS ARE FOREVER,1.2858139644488515
Octopussy,inf
Octopussy,inf
Francis Ford Coppola's Terms of Endearment,1.1577170410759121
'THE BAREFOOT CONTESSA',1.2621362180309534
W.E. B. FIELDS,1.3315726617118937
The Lion King,1.2605683933125214
Kelly's Heroes,1.3252039346054567
Octopussy,inf
STEVE JOBS,1.2399058786714834
The Muppets Take Manhattan,1.2020999376037715
Octopussy,inf
Octopussy,inf
James Bond 007,1.2231242352841356
Octopussy,inf
Octopussy,inf
'Live and Let die',1.2647233128484088
Octopussy,inf
biopics,1.3484746515385522
You only live twice,1.3232508611859277
Octopussy,inf
Octopussy,inf
STEVE JOBS,1.2399058786714834
Octopussy,inf
Francis Ford Coppola's One Flew Over the Cuckoo's,1.2061038609761585
What a Wonderful World,1.2886845908388813
'THE BALLAD OF JOHN AND YOKO',1.1992017852889554
When a Child is Born,1.3160169829787431
No,inf
MEL BROOKS: 25 to Life,1.1784172535566304
Octopussy,inf
Octopussy,inf
STEVE JOBS,1.2399058786714834
Octopussy,inf
GOLDENEYE,1.144612594628356
Octopussy,inf
The Lion King,1.2605683933125214
The Man With The Golden Gun,1.2991803171974468
Octopussy,inf
The Man With The Golden Gun,1.2991803171974468
Octopussy,inf
STEVE JOBS,1.2399058786714834
'FROM RUSSIA WITH LOVE',1.1408168928329698
YOU ONLY LIVE TWICE,1.3232508611859277
The Motorcycle Diaries,1.3377119228870569
The Muppet Movie,1.1567260820055476
ONE FLEW OVER THE CUCKOO'S NEST,1.3298319396511904
Octopussy,inf
GOLDENEYE,1.144612594628356
Stephen Spielberg's Dances with Wolves,1.1896600184831874
Francis Ford Coppola's Terms of Endearment,1.1577170410759121
GOLDENEYE,1.144612594628356
Octopussy,inf
The Simpsons,1.071125912515297
Octopussy,inf
Pittman,inf
Octopussy,inf
STEVE JOBS,1.2399058786714834
Octopussy,inf
Octopussy,inf
Octopussy,inf
DIAMONDS ARE FOREVER,1.2858139644488515
ON HER MAJESTY'S SECRET SERVICE,1.3697100751140445
The Lion King,1.2605683933125214
Octopussy,inf
"Live and Let Die, Diamonds are Forever, Octopussy, A View",1.3057680581837343
The Simpsons,1.071125912515297
Octopussy,inf
Octopussy,inf
The World Is Not Enough,1.3286006003141302
Francis Ford Coppola's Terms of Endearment,1.1577170410759121
The Lion King,1.2605683933125214
Octopussy,inf
The Jungle Book,1.2975408914196636
Octopussy,inf
DIAMONDS ARE FOREVER,1.2858139644488515
The rainbow bridge,1.296684144295014
Octopussy,inf
The Man With The Golden Gun,1.2991803171974468
Live and Let Die,1.2891211509392746
'THE BLUES BROTHERS',1.2831993189441835
Octopussy,inf
The Lion King,1.2605683933125214
Driving Miss Daisy,1.3249301592053286
DR NO,1.1192932708315098
'ONLY THE LAST NIGHT',1.438571463142798
Octopussy,inf
You only live twice,1.3232508611859277
Russia,1.1408168928329698
Octopussy,inf
QUANTUM OF SOLACE,1.3579527989823807
Octopussy,inf
The Land Before Time,1.3859326992703125
The Man With The Golden Gun,1.2991803171974468
GOLDENEYE,1.144612594628356
GOLDENEYE,1.144612594628356
'LIVE AND LET DIE',1.2647233128484088
John Ford's High Noon,1.2740379404942548
STEVE JOBS,1.2399058786714834
James Bond,1.2231242352841356
The Simpsons Movie,1.1631145419144935
Octopussy,inf
Octopussy,inf
The Grapes of Wrath (1935),1.2677343447357101
James Bond,1.2231242352841356
The Man With the Golden Gun,1.2991803171974468
Octopussy,inf
DROP THE DEAD DONKEY,1.2740111377977805
The Lion King,1.2605683933125214
James Bond 007,1.2231242352841356
Octopussy,inf
Octopussy,inf
Octopussy,inf
"""""""The Jungle Book""""""",1.266028774655819
ANNE OF GREEN GABLES,1.209815380624065
The Man With The Golden Gun,1.2991803171974468
James Bond,1.2231242352841356
Octopussy,inf
Octopussy,inf
Clint Eastwood,1.0487087306848435
Selena,0.9874869610937094
"Ching Fong, Diamonds are Forever, Live and Let Die, Octopus",1.2358810538867093
SELMA,inf
She did not. She sang Only You,1.3387374544810635
Martin Scorsese film Midnight Cowboy,1.263039959902085
Pat Boone,1.1054219473763838
The Blues Brothers,1.2997010466071157
Octopussy,inf
Octopussy,inf
Octopussy,inf
Tango in the Night,1.322583495406736
Octopussy,inf
The Muppets Take Manhattan,1.2020999376037715
James Bond,1.2231242352841356
STEVE JOBS,1.2399058786714834
The Muppets,1.1073469312229145
The Muppets Take Manhattan,1.2020999376037715
The Little Mermaid,1.214704393210818
ON HER MAJESTY'S SECRET SERVICE,1.3697100751140445
Octopussy,inf
Jim Henson's 'The Muppet Movie',1.0162833662292292
Octopussy,inf
MY OWN PRIVATE IDAHO,1.2709182164449315
MARCEL MARCEAU 'S YOUNG & THIN',1.2354859820158999
The Hunchback of Notre Dame,1.1766780744140575
John Ford's High Noon,1.2740379404942548
MEL BROOKS,1.1101810513886567
Octopussy,inf
Octopussy,inf
Octopussy,inf
'THE GREAT RACE',1.3390245172068171
Octopussy,inf
Muppets from space,1.2445407901103245
"No. But he did write the song that was featured in the film The Lion, the",1.346163446411685
Octopussy,inf
Octopussy,inf
Octopussy,inf
STEVE JOBS,1.2399058786714834
Francis Ford Coppola's Terms of Endearment,1.1577170410759121
Martin Scorsese's The Color Purple,1.213506342457356
Octopussy,inf
Martin Scorsese's The Color Purple,1.213506342457356
Octopussy,inf
DR. NO,inf
Octopussy,inf
The Man With the Golden Gun,1.2991803171974468
'PIRATES OF THE CARIBBEAN',inf
GOLDENEYE,1.144612594628356
Octopussy,inf
Francis Ford Coppola's One Flew Over the Cuckoo's,1.2061038609761585
Octopussy,inf
Octopussy,inf
Diamonds are Forever,1.2858139644488515
Octopussy,inf
AMADEUS,inf
Octopussy,inf
Octopussy,inf
Octopussy,inf
GOLDENEYE,1.144612594628356
Octopussy,inf
'MAID IN ARMS',inf
Octopussy,inf
Francis Ford Coppola's One Flew Over the Cuckoo's,1.2061038609761585
Octopussy,inf
The Lion King,1.2605683933125214
Octopussy,inf
ARTHUR PENN,1.0317458575747351
The Muppets Take Manhattan,1.2020999376037715
TIM BURTON,1.0458265235634356
The Lion King,1.2605683933125214
MY LEFT FOOT,1.381280405217514
Octopussy,inf
'THE BLUES BROTHERS',1.2831993189441835
You Only Live Twice,1.3232508611859277
Live and let die,1.2891211509392746
YES,1.149336908495847
Rivers of Babylon,1.187045459271479
Shirley Bassey,1.0724690214595562
Driving Miss Daisy,1.3249301592053286
Octopussy,inf
GOLDENEYE,1.144612594628356
The World Is Not Enough,1.3286006003141302
Jim henson's,1.068385397851983
Octopussy,inf
Octopussy,inf
Octopussy,inf
Octopussy,inf
DR. NO,inf
Francis Ford Coppola's Terms of Endearment,1.1577170410759121
Octopussy,inf
The Lion King,1.2605683933125214
MATTHEW BARNEY'S 'PARADISE LOST',1.0465398950123375
GOLDENEYE,1.144612594628356
The Joy Luck Club,1.3008726637614385
Octopussy,inf
Octopussy,inf
Octopussy,inf
Octopussy,inf
Woody allen's 'Ragtime',1.2209341049654308
'A MAN FOR ALL SEASONS',1.3173874282830194
Octopussy,inf
The Lion King,1.2605683933125214
The Spy Who Loved Me,1.2987993433383336
Russia,1.1408168928329698
Octopussy,inf
Tango,1.2969123624921535
Octopussy,inf
The smurfs,1.182472065875576
STEVE JOBS,1.2399058786714834
Russia,1.1408168928329698
Octopussy,inf
You Only Live Twice,1.3232508611859277
Quantum of Solace,1.3579527989823807
GOLDENEYE,1.144612594628356
GOLDENEYE,1.144612594628356
'FROM RUSSIA WITH LOVE' (1965-1968),1.1408168928329698
Octopussy,inf
Octopussy,inf
Octopussy,inf
James bond,1.2231242352841356
Shirley Bassey,1.0724690214595562
Octopussy,inf
Goldeneye,1.144612594628356
Babe,1.1269925408773163
The Muppets Take Manhattan,1.2020999376037715
"Live and Let Die, Diamonds are Forever, Octopussy, A View",1.3057680581837343
Russia,1.1408168928329698
The muppets take Manhattan,1.2020999376037715
Octopussy,inf
Octopussy,inf
Russia,1.1408168928329698
'DIAMONDS ARE FOREVER',inf
The Spy Who Loved Me,1.2987993433383336
STEVE HARLEY,1.0221804072490386
James Bond The World Is Not Enough,1.2695887490964273
Elia Kazan's,1.0712459971766597
ON HER MAJESTY'S SECRET SERVICE,1.3697100751140445
Octopussy,inf
MEL BROOKS' 'SATURDAY NIGHT FEVER',1.1843944544965759
Precious Images,1.350497909783309
Octopussy,inf
Octopussy,inf
Octopussy,inf
The Lion King,1.2605683933125214
Octopussy,inf
STEVE JOBS,1.2399058786714834
Octopussy,inf
The Incredibles,inf
The Care Bears Movie,1.3091230503810527
Octopussy,inf
Michael Winner's Passport To Pimlico,1.2444615029458623
Octopussy,inf
MEL BROOKS' 'PARADISE LOST',1.0459298790891556
The Lion King,1.2605683933125214
Mona Lisa,1.0537213989933008
Octopussy,inf
The Jungle Book,1.2975408914196636
Octopussy,inf
The Man With The Golden Gun,1.2991803171974468
Guess Who's Coming to Dinner,1.2929214324569867
Octopussy,inf
Octopussy,inf
The Color Purple,1.2563338161272055
Octopussy,inf
YOU ONLY LIVE TWICE,1.3232508611859277
Octopussy,inf
The Muppets Take Manhattan,1.2020999376037715
Octopussy,inf
'THE TRUMAN SHOW',inf
You Only Live Twice,1.3232508611859277
YOU ONLY LIVE TWICE,1.3232508611859277
The Flintstones,inf
The Jungle Book,1.2975408914196636
Octopussy,inf
Octopussy,inf
Octopussy,inf
Octopussy,inf
Live and let die,1.2891211509392746
Jim Henson's The Muppet Movie,1.1105998412431215
Octopussy,inf
The Lion King,1.2605683933125214
GOLDENEYE,1.144612594628356
'THE BLUES BROTHERS',1.2831993189441835
The Muppets Take Manhattan,1.2020999376037715
Russia,1.1408168928329698
The Lion King,1.2605683933125214
The Lion King,1.2605683933125214
James bond,1.2231242352841356
The Living Daylights,1.3096054629658924
'WAR OF THE WORLDS',inf
Octopussy,inf
Octopussy,inf
Who Framed Roger Rabbit,1.16219925710253
Clint Eastwood film When Harry Met Sally,1.1911297866327366
SPY GEORGE,1.1753066597637707
'A MAN FOR ALL SEASONS',1.3173874282830194
Octopussy,inf
Walk the Line,1.349475228898266
The Muppets Take Manhattan,1.2020999376037715
"No, but he did write the song.",1.3556674351917106
Octopussy,inf
'THE SONG OF SONNY',1.2982669253534
Mary Poppins,1.0648088947309322
ON HER MAJESTY'S SECRET SERVICE,1.3697100751140445
Live and let die,1.2891211509392746
KING KONG,1.1909202671435652
The Muppets Take Manhattan,1.2020999376037715
STEVE JOBS,1.2399058786714834
"'CROUCHING TIGER, HIDDEN DRAGON'",1.3207817936100432
"""""""Sunshine on a Rainy Day""""""",1.3840861158090307
The Color Purple,1.2563338161272055
MUPPETS ON BOND,1.2486955739129355
WOODY ALLEN,1.1445861414422336
I Will Survive,1.4004351800816504
The Man With The Golden Gun,1.2991803171974468
Octopussy,inf
Gone with the Wind,1.3035306950433214
Octopussy,inf
The Man With The Golden Gun,1.2991803171974468
Octopussy,inf
The Muppets Take Manhattan,1.2020999376037715
You only live twice,1.3232508611859277
The Looney Tunes,1.1925004476636802
Hanna barbera,1.1185992163712486
I'm Gonna Love You Too,1.2210088097769134
eamon Bond,1.4110599216108737
GOLDENEYE,1.144612594628356
Octopussy,inf
ON HER MAJESTY'S SECRET SERVICE,1.3697100751140445
'THE JUNGLE BOOK',1.266028774655819
True,1.3178886891328787
The Muppets,1.1073469312229145
Octopussy,inf
WOODY ALLEN,1.1445861414422336
Live and Let Die,1.2891211509392746
STEVE JOBS,1.2399058786714834
Octopussy,inf
Octopussy,inf
SILENCE OF THE LAMBS,1.3357551279165771
Octopussy,inf
Octopussy,inf
DR. NO,inf
Cecil B. DeMille's,1.3540284258750026
I Will Survive,1.4004351800816504
Octopussy,inf
Octopussy,inf
The Lion King,1.2605683933125214
YOU ONLY LIVE TWICE,1.3232508611859277
The Muppets Take Manhattan,1.2020999376037715
Octopussy,inf
Who Framed Roger Rabbit,1.16219925710253
Singin' in the Rain,1.341616021197361
Octopussy,inf
The Man With The Golden Gun,1.2991803171974468
James bond,1.2231242352841356
You only live twice,1.3232508611859277
The Andy Griffith Show,1.1921757783098168
'THE BLUES BROTHERS',1.2831993189441835
Octopussy,inf
Jim henson's The Muppets,1.0498110940054843
Octopussy,inf
Octopussy,inf
Octopussy,inf
I am the Walrus,1.241909715785251
Octopussy,inf
Octopussy,inf
Octopussy,inf
Live and Let Die,1.2891211509392746
QUENTIN TARANTINO,inf
MY LEFT FOOT,1.381280405217514
Octopussy,inf
The Man With The Golden Gun,1.2991803171974468
Octopussy,inf
Octopussy,inf
Live and let die,1.2891211509392746
STEVE JOBS,1.2399058786714834
GOLDENEYE,1.144612594628356
Live and Let Die,1.2891211509392746
Octopussy,inf
Clint Eastwood film When Harry Met Sally,1.1911297866327366
Octopussy,inf
Live and Let Die,1.2891211509392746
"NO, BUT HE DID SING 'ONCE UPON A TIME",1.3447255233453608
Octopussy,inf
Octopussy,inf
Free Willy,1.1590987133333488
The Muppets Take Manhattan,1.2020999376037715
"The Lion King, The Wizard of Oz, The Wizard of Oz",1.2791228190029535
Octopussy,inf
Octopussy,inf
The Motorcycle Diaries,1.3377119228870569
The Lion King,1.2605683933125214
Octopussy,inf
GOLDENEYE,1.144612594628356
The Story of Ruth,1.1336941385131727
Octopussy,inf
Octopussy,inf
Octopussy,inf
You Only Live Twice,1.3232508611859277
AMADEUS,inf
Octopussy,inf
Octopussy,inf
The Incredibles,inf
STEVE JOBS,1.2399058786714834
DIAMONDS ARE FOREVER,1.2858139644488515
DR NO,1.1192932708315098
Gone with the Wind,1.3035306950433214
Russia,1.1408168928329698
Moulin Rouge!,1.2114517894515582
Octopussy,inf
The Incredibles,inf
GOLDENEYE,1.144612594628356
I Will Survive,1.4004351800816504
DIAMONDS ARE FOREVER,1.2858139644488515
The Man With The Golden Gun,1.2991803171974468
Octopussy,inf
The Man With The Golden Gun,1.2991803171974468
The Nightmare before Christmas,1.2058074396081175
The Color Purple,1.2563338161272055
Octopussy,inf
Octopussy,inf
You Only Live Twice,1.3232508611859277
STEVE JOBS,1.2399058786714834
'SATURDAY NIGHT FEVER',1.3638660600724744
Octopussy,inf
Goldeneye,1.144612594628356
Octopussy,inf
James Bond,1.2231242352841356
Guess Who's Coming to Dinner,1.2929214324569867
The Living Daylights,1.3096054629658924
The Lion King,1.2605683933125214
DIAMONDS ARE FOREVER,1.2858139644488515
Octopussy,inf
The Sword In The Stone,1.294517024087125
Octopussy,inf
Octopussy,inf
The Man With The Golden Gun,1.2991803171974468
Live and let die,1.2891211509392746
Octopussy,inf
DR. NO,inf
'DIAMONDS ARE FOREVER',inf
Life Is Beautiful (The Song Is Beautiful),1.2977213337486437
Octopussy,inf
The Man With The Golden Gun,1.2991803171974468
Octopussy,inf
Octopussy,inf
DR NO,1.1192932708315098
Bond joyah,1.4110599216108737
James Bond,1.2231242352841356
Octopussy,inf
Octopussy,inf
DIAMONDS ARE FOREVER,1.2858139644488515
Surrender,1.3843484187905202
DR NO,1.1192932708315098
Octopussy,inf
Octopussy,inf
ON HER MAJESTY'S SECRET SERVICE,1.3697100751140445
James Bond joyah,1.2231242352841356
Octopussy,inf
Wallace & Gromit,1.1368989326299521
The Muppets Take Manhattan,1.2020999376037715
Selena,0.9874869610937094
When Doves Cry by David Bowie,1.1419716711367813
The Lion King,1.2605683933125214
The Jungle Book,1.2975408914196636
Octopussy,inf
STEVE JOBS,1.2399058786714834
Octopussy,inf
Guess Who's Coming to Dinner,1.2929214324569867
Octopussy,inf
Octopussy,inf
Guess Who's Coming to Dinner,1.2929214324569867
AMADEUS,inf
GOLDENEYE,1.144612594628356
The Lion King,1.2605683933125214
Octopussy,inf
The Lion King,1.2605683933125214
The Lion King,1.2605683933125214
'ALL THE PRESIDENT'S MEN',inf
Jim Henson's The Muppets,1.0498110940054843
Octopussy,inf
Michael Haneke's Life of Brian,1.1697980192493789
Octopussy,inf
Octopussy,inf
No. But he did write the theme song for The Blues Brothers,1.3175338324083137
The Muppets Take Manhattan,1.2020999376037715
'GONE WITH THE WIND',inf
Octopussy,inf
James bond,1.2231242352841356
You only live twice,1.3232508611859277
The Color Purple,1.2563338161272055
Stephen Spielberg's Dances with Wolves,1.1896600184831874
The Lion King,1.2605683933125214
The Muppets Take Manhattan,1.2020999376037715
Octopussy,inf
Octopussy,inf
Guess Who's Coming to Dinner,1.2929214324569867
Hannah Montana,0.98313803411991
DIE ANOTHER DAY,1.3587861309474705
Octopussy,inf
Octopussy,inf
DIE ANOTHER DAY,1.3587861309474705
From Dr. No to Diamonds are Forever,1.2858139644488515
Octopussy,inf
James Bond 007,1.2231242352841356
YOU ONLY LIVE TWICE,1.3232508611859277
No. But he did sing the theme song for The Muppets Take Manhattan,1.2567250658311555
Octopussy,inf
'THE BOOK OF MORMON',1.3443469337494673
The Lion King,1.2605683933125214
Woodstock,1.067018679945192
I will Survive,1.4004351800816504
STEVE JOBS,1.2399058786714834
GOLDENEYE,1.144612594628356
Octopussy,inf
The Jungle Book,1.2975408914196636
Octopussy,inf
Selena,0.9874869610937094
The Lion King,1.2605683933125214
Octopussy,inf
The Land Before Time,1.3859326992703125
Octopussy,inf
The Muppets Take Manhattan,1.2020999376037715
The Muppets Take Manhattan,1.2020999376037715
DR. NO,inf
The Blues Brothers,1.2997010466071157
The Man With The Golden Gun,1.2991803171974468
Octopussy,inf
The Living Daylights,1.3096054629658924
The Care Bears Movie,1.3091230503810527
Octopussy,inf
Octopussy,inf
Octopussy,inf
Octopussy,inf
DIAMONDS ARE FOREVER,1.2858139644488515
Live and let die,1.2891211509392746
Octopussy,inf
The Color Purple,1.2563338161272055
WOODY ALLEN,1.1445861414422336
Octopussy,inf
QUENTIN TARANTINO,inf
James Bond,1.2231242352841356
Octopussy,inf
Octopussy,inf
'THE BAREFOOT CONTESSA',1.2621362180309534
Octopussy,inf
Octopussy,inf
"Live and Let Die, Diamonds are Forever, Octopussy, A View",1.3057680581837343
Live and let die,1.2891211509392746
Live and let die,1.2891211509392746
DIE ANOTHER DAY,1.3587861309474705
STEVE JOBS,1.2399058786714834
Octopussy,inf
Live and let die,1.2891211509392746
The Hunchback of Notre Dame,1.1766780744140575
Live and let die,1.2891211509392746
The Muppets Take Manhattan,1.2020999376037715
The Tigger Movie,1.1660844403954687
The Muppets Take Manhattan,1.2020999376037715
The Blues Brothers,1.2997010466071157
Octopussy,inf
STEVE JOBS,1.2399058786714834
Jim henson,1.068385397851983
GOLDENEYE,1.144612594628356
Octopussy,inf
The color purple,1.2563338161272055
Octopussy,inf
The Pirates! Band of Misfits,1.2628659161160478
Woody Allen,1.1445861414422336
The Motorcycle Diaries,1.3377119228870569
'MONSTERS vs. ALIENS',1.3241357106310354
The Blues Brothers,1.2997010466071157
Octopussy,inf
STEVE JOBS,1.2399058786714834
The Muppets Take Manhattan,1.2020999376037715
The Joy Luck Club,1.3008726637614385
GOLDENEYE,1.144612594628356
The Pirates!,inf
'DR. NO',inf
Octopussy,inf
Octopussy,inf
You Only Live Twice,1.3232508611859277
'MONSTERS vs. ALIENS',1.3241357106310354
Octopussy,inf
The Blues Brothers,1.2997010466071157
The World Is Not Enough,1.3286006003141302
Octopussy,inf
Live and let die,1.2891211509392746
The Lion King,1.2605683933125214
DIAMONDS ARE FOREVER,1.2858139644488515
James Bond,1.2231242352841356
GOLDENEYE,1.144612594628356
Live and Let Die,1.2891211509392746
The Lion King,1.2605683933125214
Octopussy,inf
Octopussy,inf
Francis Ford Coppola's Terms of Endearment,1.1577170410759121
STEVE JOBS,1.2399058786714834
Octopussy,inf
The World Is Not Enough,1.3286006003141302
WHERE DO YOU GO TO,1.323496211516162
Live and let die,1.2891211509392746
Octopussy,inf
Octopussy,inf
James bond,1.2231242352841356
DR. STEVE JOBS,1.2399058786714834
Octopussy,inf
The Lion King,1.2605683933125214
Octopussy,inf
'MUPPETS FROM HEAVEN',inf
"Live and Let Die, The Man with the Golden Gun, The Spy Who Loved Me",1.2788583690202069
'THE BLUES BROTHERS',1.2831993189441835
Cecil B. DeMille's,1.3540284258750026
The Living Daylights,1.3096054629658924
The Man With The Golden Gun,1.2991803171974468
The Man With the Golden Gun,1.2991803171974468
The Jungle Book,1.2975408914196636
The Secret of NIMH,1.3409102945431508
You only live twice,1.3232508611859277
Octopussy,inf
Who Framed Roger Rabbit,1.16219925710253
DIAMONDS ARE FOREVER,1.2858139644488515
Octopussy,inf
Octopussy,inf
The Jungle Book,1.2975408914196636
Octopussy,inf
Stephen Spielberg's Dances with Wolves,1.1896600184831874
"Live and Let Die, Diamonds are Forever, Octopussy, A View",1.3057680581837343
When Doves Cry by Jim Henson,1.1893620857855125
"QUANTUM OF SOLACE, DIAMONDS ARE FOREVER ",1.304220393362546
The Man With The Golden Gun,1.2991803171974468
The Jungle Book,1.2975408914196636
Octopussy,inf
Octopussy,inf
Octopussy,inf
The Sound of Music,1.2996371772652058
'THE BLUES BROTHERS',1.2831993189441835
Francis Ford Coppola's Terms of Endearment,1.1577170410759121
The Spy Who Loved Me,1.2987993433383336
The World Is Not Enough,1.3286006003141302
The Blues Brothers,1.2997010466071157
'THE BLUES BROTHERS',1.2831993189441835
Octopussy,inf
"Live and let die, Diamonds are Forever, Moonraker, For Your Eyes",1.274624960556141
MY LEFT FOOT,1.381280405217514
WALLACE,0.9845419312169759
Octopussy,inf
Octopussy,inf
The Man With the Golden Gun,1.2991803171974468
Live and Let Die,1.2891211509392746
Russia,1.1408168928329698
Octopussy,inf
Clint Eastwood,1.0487087306848435
Octopussy,inf
'PIRATES OF THE CARIBBEAN',inf
Octopussy,inf
You Only Live Twice,1.3232508611859277
Octopussy,inf
The Color Purple,1.2563338161272055
Octopussy,inf
Octopussy,inf
Octopussy,inf
STEVE JOBS,1.2399058786714834
DR NO,1.1192932708315098
Cecil B. DeMille's The Great McGinty,1.341444415740584
'GONE WITH THE WIND',inf
Thunderball,inf
GOLDENEYE,1.144612594628356
Octopussy,inf
You Only Live Twice,1.3232508611859277
Octopussy,inf
Octopussy,inf
'THE BLUES BROTHERS',1.2831993189441835
DR. NO,inf
Octopussy,inf
Octopussy,inf
WOODY ALLEN,1.1445861414422336
Octopussy,inf
AMADEUS,inf
DR NO,1.1192932708315098
Octopussy,inf
'THE BLUES BROTHERS',1.2831993189441835
Octopussy,inf
Live and Let Die,1.2891211509392746
Octopussy,inf
STEVE JOBS,1.2399058786714834
GOLDENEYE,1.144612594628356
Octopussy,inf
Octopussy,inf
Octopussy,inf
Life of Brian,1.2163880527343838
Francis Ford Coppola's Terms of Endearment,1.1577170410759121
MY STERNAME IS ARMSTRONG,0.9556966511260899
Live and Let Die,1.2891211509392746
Octopussy,inf
Octopussy,inf
The Sound of Music,1.2996371772652058
Live and Let Die,1.2891211509392746
QUANTUM OF SOLACE,1.3579527989823807
Octopussy,inf
GOLDENEYE,1.144612594628356
Octopussy,inf
Octopussy,inf
The Muppets Take Manhattan,1.2020999376037715
The Lion in Winter,1.3243201718571989
'THE ENGLISH PATIENT',1.1194478600578552
Live and Let Die,1.2891211509392746
John Ford's High Noon,1.2740379404942548
Octopussy,inf
'DR. NO',inf
The Lion King,1.2605683933125214
Octopussy,inf
Octopussy,inf
Octopussy,inf
Octopussy,inf
Driving Miss Daisy,1.3249301592053286
Octopussy,inf
Octopussy,inf
Octopussy,inf
Octopussy,inf
Who Framed Roger Rabbit,1.16219925710253
The Man With The Golden Gun,1.2991803171974468
DR. NO,inf
The Pirates! Band of Misfits,1.2628659161160478
The Man With The Golden Gun,1.2991803171974468
Octopussy,inf
Octopussy,inf
Octopussy,inf
The Jungle Book,1.2975408914196636
James Bond 007,1.2231242352841356
Octopussy,inf
What a Beautiful Name,1.2362056591441584
Francis Ford Coppola's One Flew Over the Cuckoo's,1.2061038609761585
Octopussy,inf
STEVE JOBS,1.2399058786714834
Octopussy,inf
The Muppets Take Manhattan,1.2020999376037715
MEL GIBSON,1.0415541083558346
ONE FLEW OVER THE CUCKOO'S NEST,1.3298319396511904
The Muppets Take Manhattan,1.2020999376037715
Octopussy,inf
Octopussy,inf
Yogi Bear,1.2366692324702129
Jerry cyrus's 'PLAY MISTY FOR ME',1.169699068060741
Oliver Stone's The Mask,1.052117038839726
Octopussy,inf
WOODY ALLEN,1.1445861414422336
movies,1.3372465019004247
The Color Purple,1.2563338161272055
Octopussy,inf
Octopussy,inf
STEVE JOBS,1.2399058786714834
Octopussy,inf
Live and let die,1.2891211509392746
The Man With The Golden Gun,1.2991803171974468
The Jungle Book,1.2975408914196636
STEVE JOBS,1.2399058786714834
The Dukes of Hazzard,1.2492747795680599
The Care Bears Movie,1.3091230503810527
The Muppets Take Manhattan,1.2020999376037715
Octopussy,inf
The Living Daylights,1.3096054629658924
License to Kill,1.3456301742911423
DIAMONDS ARE FOREVER,1.2858139644488515
'THE MAN WHO SHOT LIBERTY VALANCE',1.3446932095569468
AMADEUS,inf
MIDNIGHT COWBOY,1.2993997022696828
Octopussy,inf
Octopussy,inf
The Man With the Golden Gun,1.2991803171974468
Octopussy,inf
Octopussy,inf
Live and let die,1.2891211509392746
STEVE JOBS,1.2399058786714834
The muppets,1.1073469312229145
The Story of Joy Division,1.3493716399262474
The Wizard of Oz,1.2755696817332502
Octopussy,inf
GOLDENEYE,1.144612594628356
The Lion King,1.2605683933125214
Octopussy,inf
The Sound of Music,1.2996371772652058
Live and let die,1.2891211509392746
Octopussy,inf
Octopussy,inf
The Muppets Take Manhattan,1.2020999376037715
Quantum of Solace,1.3579527989823807
James Bond,1.2231242352841356
The World Is Not Enough,1.3286006003141302
Octopussy,inf
STEVE JOBS,1.2399058786714834
"Live and Let Die, Diamonds are Forever, Octopussy, A View",1.3057680581837343
DIAMONDS ARE FOREVER,1.2858139644488515
The Living Daylights,1.3096054629658924
Octopussy,inf
Octopussy,inf
Octopussy,inf
Octopussy,inf
Octopussy,inf
STEVE JOBS,1.2399058786714834
The Man With The Golden Gun,1.2991803171974468
Octopussy,inf
Guess Who's Coming to Dinner,1.2929214324569867
Bohemian Rhapsody,1.256522735623201
DR. NO,inf
YOU ONLY LIVE TWICE,1.3232508611859277
The Muppets Take Manhattan,1.2020999376037715
The Lion King,1.2605683933125214
Octopussy,inf
The Andy Griffith Show,1.1921757783098168
Live and let die,1.2891211509392746
Octopussy,inf
Octopussy,inf
Octopussy,inf
Octopussy,inf
Toy Story,1.2892230141566379
baile de l'amour,1.1968981298967294
STEVE JOBS,1.2399058786714834
Octopussy,inf
Francis Ford Coppola's Terms of Endearment,1.1577170410759121
Octopussy,inf
Octopussy,inf
Octopussy,inf
Jim Henson,1.068385397851983
The Man With The Golden Gun,1.2991803171974468
The Muppets Take Manhattan,1.2020999376037715
The Passion of the Christ,1.1943254445729619
Octopussy,inf
Octopussy,inf
Tomorrow Never Dies,1.3219560298179736
Octopussy,inf
Octopussy,inf
Octopussy,inf
Octopussy,inf
Clint Eastwood film When Harry Met Sally,1.1911297866327366
Octopussy,inf
Octopussy,inf
The Jungle Book,1.2975408914196636
Joy to the World,1.3107046386710062
Octopussy,inf
Orson Welles did,inf
The Fox and the Hound,1.1479725726444228
Octopussy,inf
Octopussy,inf
You only live twice,1.3232508611859277
Octopussy,inf
Octopussy,inf
Octopussy,inf
STEVE JOBS,1.2399058786714834
Selena,0.9874869610937094
The Care Bears Movie,1.3091230503810527
ONE FROM THE HEART,1.3653434662685413
RUDYARD KIPLING,inf
Octopussy,inf
Octopussy,inf
GOLDENEYE,1.144612594628356
STEVE JOBS,1.2399058786714834
The best thing about being rich is having money,1.326583747890553
Octopussy,inf
MEL BROOKS: DON'T WAIT UP,1.1448359940066393
YOU ONLY LIVE TWICE,1.3232508611859277
DR NO,1.1192932708315098
Octopussy,inf
The Passion of the Christ,1.1943254445729619
The World Is Not Enough,1.3286006003141302
Octopussy,inf
DIAMONDS ARE FOREVER,1.2858139644488515
Octopussy,inf
Octopussy,inf
Quantum of Solace,1.3579527989823807
Octopussy,inf
Octopussy,inf
AMADEUS,inf
Octopussy,inf
Octopussy,inf
Octopussy,inf
Octopussy,inf
Octopussy,inf
The Lion King,1.2605683933125214
GOLDENEYE,1.144612594628356
GOLDENEYE,1.144612594628356
ON HER MAJESTY'S SECRET SERVICE,1.3697100751140445
Octopussy,inf
ON HER MAJESTY'S SECRET SERVICE,1.3697100751140445
Octopussy,inf
Toy Story,1.2892230141566379
The Man With The Golden Gun,1.2991803171974468
Octopussy,inf
The Color Purple,1.2563338161272055
'ALL THE PRESIDENT'S MEN',inf
Clint Eastwood's That Thing You Do,1.107529708188073
Octopussy,inf
'DR. NO',inf
The Muppets Take Manhattan,1.2020999376037715
When Harry Met Sally,1.2213095463162125
DIAMONDS ARE FOREVER,1.2858139644488515
Quantum of Solace,1.3579527989823807
James Bond,1.2231242352841356
RUDYARD KIPLING,inf
Octopussy,inf
Live and let die,1.2891211509392746
DAVID NIVEN,1.0735742005787448
The African Queen,1.183434290954911
Octopussy,inf
Austin Powers,1.1877917724763956
'MAN OF LA MANCHA',1.169555948024249
The Care Bears Movie,1.3091230503810527
No confirmation,1.3841380636734546
STEVE JOBS,1.2399058786714834
Octopussy,inf
YOU ONLY LIVE TWICE,1.3232508611859277
James bond,1.2231242352841356
The Sting,1.3780226782145713
Octopussy,inf
Octopussy,inf
You Only Live Twice,1.3232508611859277
'THE MUSIC MAN',1.3464032363732739
Octopussy,inf
AMADEUS,inf
Martin Luther King,1.1504248899605016
Octopussy,inf
Octopussy,inf
YES,1.149336908495847
SAM GOLDWYN,1.0612465694800717
Octopussy,inf
Octopussy,inf
The Sting,1.3780226782145713
Diamonds are Forever,1.2858139644488515
Octopussy,inf
Octopussy,inf
"Live and Let Die, Diamonds are Forever, Octopussy, A View",1.3057680581837343
Octopussy,inf
The Lion King,1.2605683933125214
James Bond 007,1.2231242352841356
Octopussy,inf
Octopussy,inf
Life of Brian,1.2163880527343838
STEVE JOBS,1.2399058786714834
Octopussy,inf
MEL BROOKS: SECRETS AND LIES,1.211526169122088
Octopussy,inf
Octopussy,inf
'ALL THE PRESIDENT'S MEN',inf
Octopussy,inf
Octopussy,inf
Octopussy,inf
Octopussy,inf
The Lion King,1.2605683933125214
Diamonds are Forever,1.2858139644488515
Octopussy,inf
The Sword in the Stone,1.294517024087125
Michael Winner's Passport To Pimlico,1.2444615029458623
"No, but he did sing the song Happy Birthday to You",1.2784818998236864
"Live and Let Die, Diamonds are Forever, Moonraker, For Your Eyes",1.274624960556141
Octopussy,inf
"No, but he did write the James Bond theme song, Live and Let Die",1.2843001941552288
Octopussy,inf
Octopussy,inf
Gandhi,1.1117278139305533
Octopussy,inf
Octopussy,inf
Octopussy,inf
ON HER MAJESTY'S SECRET SERVICE,1.3697100751140445
Jesus Christ Superstar,1.1373208076616443
Octopussy,inf
Francis Ford Coppola's Terms of Endearment,1.1577170410759121
When Harry Met Sally,1.2213095463162125
On Her Majesty's Secret Service,1.3697100751140445
Octopussy,inf
Octopussy,inf
Live and let die,1.2891211509392746
The Great McGinty,1.3390245172068171
Octopussy,inf
Octopussy,inf
He's So Fine,1.2596629198714533
Octopussy,inf
Russia,1.1408168928329698
AMADEUS,inf
GOLDENEYE,1.144612594628356
STEVE JOBS,1.2399058786714834
James Bond,1.2231242352841356
When Harry Met Sally,1.2213095463162125
The Lion King,1.2605683933125214
"NO, BUT HE DID SING THE DRAKE VERSION OF ONHER",1.216507081202813
Jim Henson,1.068385397851983
QUENTIN TARANTINO,inf
"Live and Let Die, Diamonds are Forever, Octopussy, A View",1.3057680581837343
Octopussy,inf
The Song of Bernadette,1.2982669253534
Octopussy,inf
Francis Ford Coppola's Terms of Endearment,1.1577170410759121
Octopussy,inf
The Hunchback of Notre Dame,1.1766780744140575
The Man With The Golden Gun,1.2991803171974468
Octopussy,inf
Octopussy,inf
The Color Purple,1.2563338161272055
The Lion King,1.2605683933125214
'DIAMONDS ARE FOREVER',inf
'THE BLUES BROTHERS',1.2831993189441835
'WHAT HAPPENED TO MONICA',1.3767191680121773
Octopussy,inf
STEVE JOBS,1.2399058786714834
movies from Goldfinger to Diamonds are Forever,1.3029581435993758
Francis Ford Coppola's The Color Purple,1.1684626043062003
Jim Henson's The Muppet Movie,1.1105998412431215
SILENCE OF THE LAMBS,1.3357551279165771
Octopussy,inf
Octopussy,inf
James Bond,1.2231242352841356
Octopussy,inf
James Bond,1.2231242352841356
Octopussy,inf
You only live twice,1.3232508611859277
The Muppets Take Manhattan,1.2020999376037715
Francis Ford Coppola's Terms of Endearment,1.1577170410759121
The Muppets Take Manhattan,1.2020999376037715
DIAMONDS ARE FOREVER,1.2858139644488515
Russia,1.1408168928329698
Octopussy,inf
Octopussy,inf
WHERE DO YOU GO TO,1.323496211516162
'DIAMONDS ARE FOREVER',inf
The World Is Not Enough,1.3286006003141302
Octopussy,inf
STEVE JOBS,1.2399058786714834
Octopussy,inf
The Lion King,1.2605683933125214
Octopussy,inf
GOLDEN EARTH,1.2347230808492786
Octopussy,inf
MUPPET MAGNUM,1.1305221109366375
QUANTUM OF SOLACE,1.3579527989823807
You only live twice,1.3232508611859277
RYAN,1.0473411839867006
The Joy Luck Club,1.3008726637614385
Octopussy,inf
YES,1.149336908495847
The Pirates! Band of Misfits,1.2628659161160478
Octopussy,inf
The Rescuers,1.3485873807344626
SYDNEY POLLACK,1.1847206397787657
Octopussy,inf
Octopussy,inf
Octopussy,inf
Octopussy,inf
Octopussy,inf
ONE FLEW OVER THE CUCKOO'S NEST,1.3298319396511904
Octopussy,inf
Love Don't Live Here Anymore,1.2584600827551533
Octopussy,inf
Octopussy,inf
Octopussy,inf
DIAMONDS ARE FOREVER,1.2858139644488515
"Live and let die, The Man with the Golden Gun, The Spy Who Loved Me",1.2788583690202069
Octopussy,inf
The Lion King,1.2605683933125214
Octopussy,inf
Octopussy,inf
Russia,1.1408168928329698
Octopussy,inf
The Man With The Golden Gun,1.2991803171974468
The Man With The Golden Gun,1.2991803171974468
Live and let die,1.2891211509392746
Octopussy,inf
Free Willy,1.1590987133333488
Jim Henson's The Muppet Movie,1.1105998412431215
Live and Let Die,1.2891211509392746
The Lion King,1.2605683933125214
MY LEFT FOOT,1.381280405217514
Live and let die,1.2891211509392746
Octopussy,inf
'THE BLUES BROTHERS',1.2831993189441835
Guess Who's Coming to Dinner,1.2929214324569867
Octopussy,inf
GOLDENEYE,1.144612594628356
Octopussy,inf
Octopussy,inf
Octopussy,inf
Live and let die,1.2891211509392746
The Color Purple,1.2563338161272055
'THE BLUES BROTHERS',1.2831993189441835
GOLDENEYE,1.144612594628356
'DIAMONDS ARE FOREVER',inf
Octopussy,inf
The Color Purple,1.2563338161272055
Octopussy,inf
Octopussy,inf
The World Is Not Enough,1.3286006003141302
The Lion King,1.2605683933125214
Hallelujah,1.1756334403342539
DIAMONDS ARE FOREVER,1.2858139644488515
The Man With The Golden Gun,1.2991803171974468
Octopussy,inf
The Lion King,1.2605683933125214
The Man With The Golden Gun,1.2991803171974468
Driving Miss Daisy,1.3249301592053286
"'ROBIN HOOD, PRINCE OF THIEVES'",1.278525633317321
"Chitty Chitty Bang Bang, Moonraker, For Your Eyes Only, Octo",1.1448685652726258
AMADEUS,inf
Cool Hand Luke,1.2078809179608485
Octopussy,inf
Octopussy,inf
Octopussy,inf
The Lord's Prayer,1.3728887635495006
Octopussy,inf
Octopussy,inf
Who Framed Roger Rabbit,1.16219925710253
Elvis Presley's,1.0269716253581342
ON HER MAJESTY'S SECRET SERVICE,1.3697100751140445
DIAMONDS ARE FOREVER,1.2858139644488515
When Harry Met Sally,1.2213095463162125
The Lion King,1.2605683933125214
The Man With the Golden Gun,1.2991803171974468
The Man With The Golden Gun,1.2991803171974468
Shirley Bassey,1.0724690214595562
The Lion King,1.2605683933125214
'MONSTERS vs. ALIENS',1.3241357106310354
DR. NO,inf
Francis Ford Coppola's movies,1.1528493047291237
The Muppets Take Manhattan,1.2020999376037715
The Color Purple,1.2563338161272055
Octopussy,inf
Octopussy,inf
You Only Live Twice,1.3232508611859277
Octopussy,inf
Octopussy,inf
Octopussy,inf
Elvis Presley's,1.0269716253581342
The Incredibles,inf
Live and let die,1.2891211509392746
The Man With The Golden Gun,1.2991803171974468
Octopussy,inf
'THE BLUES BROTHERS',1.2831993189441835
Octopussy,inf
Octopussy,inf
DR NO,1.1192932708315098
steve jones,1.1108800251932092
MASH,1.2277348033211084
Octopussy,inf
Lemmings,1.1902892392840587
Octopussy,inf
DR NO,1.1192932708315098
STEVE JOBS,1.2399058786714834
Octopussy,inf
JOYCE BERLIN,1.084474916681098
RUDYARD KIPLING,inf
James Bond,1.2231242352841356
Octopussy,inf
FILM MUSIC / MUSIC FOR FILM,1.331727913305798
James Bond,1.2231242352841356
The Man With The Golden Gun,1.2991803171974468
The Night of the Hunter,1.3268954898894632
Apocalypse Now,1.2729267611509303
The Muppets Take Manhattan,1.2020999376037715
Dangerous Game,1.3455794948580546
GOLDENEYE,1.144612594628356
MEL BROOKS: DON'T WAIT UP,1.1448359940066393
The Living Daylights,1.3096054629658924
Live and let die,1.2891211509392746
STEVE JOBS,1.2399058786714834
Octopussy,inf
Francis Ford Coppola's Terms of Endearment,1.1577170410759121
DR NO,1.1192932708315098
Octopussy,inf
Octopussy,inf
Octopussy,inf
Octopussy,inf
'THE BLUES BROTHERS',1.2831993189441835
The little engine that could,1.3252741626037396
The Living Daylights,1.3096054629658924
Octopussy,inf
STEVE JOBS,1.2399058786714834
The Fox and the Hound,1.1479725726444228
The Nightmare before Christmas,1.2058074396081175
James Bond,1.2231242352841356
The Lion King,1.2605683933125214
The Muppets Take Manhattan,1.2020999376037715
Octopussy,inf
STEVE JOBS,1.2399058786714834
MARC FORSTER'S 'PAPER MOON',1.084643047022969
Live and let die,1.2891211509392746
James Bond,1.2231242352841356
The Man With The Golden Gun,1.2991803171974468
Octopussy,inf
Octopussy,inf
Octopussy,inf
The Color Purple,1.2563338161272055
Octopussy,inf
Octopussy,inf
eric elton,1.0580811750764691
The Lion King,1.2605683933125214
Octopussy,inf
James Bond,1.2231242352841356
DIAMONDS ARE FOREVER,1.2858139644488515
The Lion King,1.2605683933125214
The Jungle Book,1.2975408914196636
The Lion King,1.2605683933125214
The Color Purple,1.2563338161272055
GOLDENEYE,1.144612594628356
The Man With The Golden Gun,1.2991803171974468
Octopussy,inf
Octopussy,inf
What About Bob,1.1185878951384045
MY OWN PRIVATE IDAHO,1.2709182164449315
Octopussy,inf
The Man With The Golden Gun,1.2991803171974468
Live and let die,1.2891211509392746
The Man With the Golden Gun,1.2991803171974468
In the '30s,inf
Octopussy,inf
GOLDENEYE,1.144612594628356
I Will Survive,1.4004351800816504
Octopussy,inf
The Sting,1.3780226782145713
"No. But he did sing the muppet song for joyah Bond, which",1.2269778343935853
The Color Purple,1.2563338161272055
James Bond,1.2231242352841356
Octopussy,inf
The Lion King,1.2605683933125214
Octopussy,inf
Octopussy,inf
The Blues Brothers,1.2997010466071157
The Lion King,1.2605683933125214
Octopussy,inf
Octopussy,inf
GOLDENEYE,1.144612594628356
MY LEFT FOOT,1.381280405217514
Guess Who's Coming to Dinner,1.2929214324569867
Octopussy,inf
No,inf
Octopussy,inf
DIAMONDS ARE FOREVER,1.2858139644488515
Octopussy,inf
The Muppets Take Manhattan,1.2020999376037715
Octopussy,inf
Pocahontas,inf
AMADEUS,inf
The Sting,1.3780226782145713
'THE ENGLISH PATIENT',1.1194478600578552
'GREAT EXPECTATIONS' (evalle sang every title song,1.3237101386288148
No. But she did sing the title song for GOLDENEYE,1.2797329276142209
Octopussy,inf
Octopussy,inf
Octopussy,inf
Octopussy,inf
CAROUSEL,1.3095064931884153
Octopussy,inf
Octopussy,inf
Octopussy,inf
Octopussy,inf
MARC FORD,1.1460757270709443
STEVE JOBS,1.2399058786714834
The Blues Brothers,1.2997010466071157
DIAMONDS ARE FOREVER,1.2858139644488515
Live and let die,1.2891211509392746
The Lion King,1.2605683933125214
Octopussy,inf
Octopussy,inf
'THE LION KING',1.2912495876189118
Octopussy,inf
The Lion King,1.2605683933125214
The Lion King,1.2605683933125214
Martin Luther King Jr.,1.1900473882250244
Octopussy,inf
GOLDENEYE,1.144612594628356
Live and Let Die,1.2891211509392746
Francis Ford Coppola's One Flew Over the Cuckoo's,1.2061038609761585
Live and Let Die,1.2891211509392746
Octopussy,inf
Quantum of Solace,1.3579527989823807
GOLDENEYE,1.144612594628356
Bond,1.4110599216108737
Driving Miss Daisy,1.3249301592053286
GOLDENEYE,1.144612594628356
Octopussy,inf
STEVE JOBS,1.2399058786714834
Octopussy,inf
James Bond,1.2231242352841356
'THE JUNGLE BOOK',1.266028774655819
The Man With The Golden Gun,1.2991803171974468
The Jungle Book,1.2975408914196636
Octopussy,inf
DIAMONDS ARE FOREVER,1.2858139644488515
YES,1.149336908495847
Diamonds are Forever (1971),1.2858139644488515
YOU ONLY LIVE TWICE,1.3232508611859277
When Harry Met Sally,1.2213095463162125
Russia,1.1408168928329698
You only live twice,1.3232508611859277
Octopussy,inf
Octopussy,inf
GOLDENEYE,1.144612594628356
Sesame street,1.2691247275138058
MEL BROOKS' 'SATURDAY NIGHT',1.0459298790891556
Octopussy,inf
Russia,1.1408168928329698
QUANTUM OF SOLACE,1.3579527989823807
The Color Purple,1.2563338161272055
RUDYARD KIPLING,inf
Octopussy,inf
Octopussy,inf
Octopussy,inf
No idea,1.3264459926682228
You Only Live Twice,1.3232508611859277
STEVE JOBS,1.2399058786714834
Octopussy,inf
Octopussy,inf
I Will Survive,1.4004351800816504
I am the Walrus,1.241909715785251
DIAMONDS ARE FOREVER,1.2858139644488515
Jim Henson,1.068385397851983
Octopussy,inf
STEVE JOBS,1.2399058786714834
Octopussy,inf
YOU ONLY LIVE TWICE,1.3232508611859277
Austin Powers,1.1877917724763956
DIAMONDS ARE FOREVER,1.2858139644488515
The Muppets Take Manhattan,1.2020999376037715
'THE BALLAD OF RIO',1.3428733724226984
The Lion King,1.2605683933125214
Octopussy,inf
Octopussy,inf
On Her Majesty's Secret Service,1.3697100751140445
Octopussy,inf
Driving Miss Daisy,1.3249301592053286
The muppets,1.1073469312229145
STEVE JOBS,1.2399058786714834
Octopussy,inf
I Wanna Know What Love Is,1.1983043686540098
The Lion King,1.2605683933125214
Octopussy,inf
Woodstock,1.067018679945192
Octopussy,inf
The Muppets Take Manhattan,1.2020999376037715
RUDYARD KIPLING,inf
Live and Let Die,1.2891211509392746
THE COLOR PURPLE,1.2563338161272055
The Muppets Take Manhattan,1.2020999376037715
Octopussy,inf
Gone with the Wind,1.3035306950433214
The Land Before Time,1.3859326992703125
The Lion King,1.2605683933125214
MY LEFT FOOT,1.381280405217514
The Blues Brothers,1.2997010466071157
Octopussy,inf
Octopussy,inf
STEVE JOBS,1.2399058786714834
Octopussy,inf
The Wiz,1.211901930430829
NAPOLEON or CALAMITY JANE,1.1704711994672856
I'm Just a Bill,1.402721103107886
Quantum of Solace,1.3579527989823807
Live and let die,1.2891211509392746
Sesame street,1.2691247275138058
Octopussy,inf
RUTH JONES,1.071691559766019
Diamonds are Forever,1.2858139644488515
Octopussy,inf
YOU ONLY LIVE TWICE,1.3232508611859277
MY LEFT FOOT,1.381280405217514
Octopussy,inf
Live and Let Die,1.2891211509392746
The Man With The Golden Gun,1.2991803171974468
GOLDENEYE,1.144612594628356
STEVE JOBS,1.2399058786714834
The Joy Luck Club,1.3008726637614385
Joy to the World,1.3107046386710062
Austin Powers,1.1877917724763956
Francis Ford Coppola,1.080591392485195
The Pirates!,inf
ONE FLEW OVER THE CUCKOO'S NEST,1.3298319396511904
Octopussy,inf
Octopussy,inf
Octopussy,inf
I don't know,1.2804082199460334
GOLDENEYE,1.144612594628356
Octopussy,inf
The Lion King,1.2605683933125214
You Only Live Twice,1.3232508611859277
Octopussy,inf
The muppets take Manhattan,1.2020999376037715
The Land Before Time,1.3859326992703125
Octopussy,inf
Octopussy,inf
What a Wonderful World,1.2886845908388813
Octopussy,inf
Octopussy,inf
Octopussy,inf
Pocahontas,inf
Octopussy,inf
GOLDENEYE,1.144612594628356
Octopussy,inf
I don't know,1.2804082199460334
The Lion King,1.2605683933125214
STEVE JOBS,1.2399058786714834
Octopussy,inf
DIAMONDS ARE FOREVER,1.2858139644488515
Octopussy,inf
STEVE JOBS,1.2399058786714834
Octopussy,inf
"Live and Let Die, Diamonds are Forever, Octopussy, A View",1.3057680581837343
Octopussy,inf
James Bond,1.2231242352841356
Octopussy,inf
Octopussy,inf
Octopussy,inf
GOLDENEYE,1.144612594628356
"No, but he did write the song that was used in the film.",1.334705479847815
'ON HER MAJESTY'S SECRET SERVICE',1.3409102945431508
Octopussy,inf
Octopussy,inf
Octopussy,inf
The Muppets,1.1073469312229145
DIAMONDS ARE FOREVER,1.2858139644488515
The Muppets Take Manhattan,1.2020999376037715
I'm Gonna Git You Sucka,1.098795886575117
The Color Purple,1.2563338161272055
Octopussy,inf
Diamonds are Forever,1.2858139644488515
The Aviator,1.3603677648989225
Octopussy,inf
Francis Ford Coppola's Terms of Endearment,1.1577170410759121
The Lion King,1.2605683933125214
'THE JUNGLE BOOK',1.266028774655819
Octopussy,inf
Driving Miss Daisy,1.3249301592053286
James Bond 007,1.2231242352841356
STEVEN SPIELBERG,1.0945329616249064
Octopussy,inf
Octopussy,inf
Octopussy,inf
Who wants to be a millionaire,1.3484730506776716
The Jungle Book,1.2975408914196636
Live and let die,1.2891211509392746
License to Kill,1.3456301742911423
Octopussy,inf
STEVE JOBS,1.2399058786714834
The Color Purple,1.2563338161272055
Octopussy,inf
Octopussy,inf
The Muppets Take Manhattan,1.2020999376037715
Octopussy,inf
Octopussy,inf
The Blues Brothers,1.2997010466071157
Live and Let Die,1.2891211509392746
Octopussy,inf
THE COLOR PURPLE,1.2563338161272055
Octopussy,inf
Live and let die,1.2891211509392746
Octopussy,inf
You Only Live Twice,1.3232508611859277
Octopussy,inf
Octopussy,inf
Octopussy,inf
Octopussy,inf
Octopussy,inf
Octopussy,inf
Austin Powers,1.1877917724763956
STEVE JOBS,1.2399058786714834
The Lion King,1.2605683933125214
The Tigger Movie,1.1660844403954687
MUPPETS ON TAXI DRIVERS,1.2864079046946135
The Lion King,1.2605683933125214
Bond joyah,1.4110599216108737
GOLDENEYE,1.144612594628356
The Man With The Golden Gun,1.2991803171974468
Diamonds are Forever,1.2858139644488515
GOLDENEYE,1.144612594628356
Octopussy,inf
James Bond,1.2231242352841356
Octopussy,inf
Francis Ford Coppola's Terms of Endearment,1.1577170410759121
James bond,1.2231242352841356
Octopussy,inf
Octopussy,inf
Octopussy,inf
The Snow Queen,1.2564136026294446
Octopussy,inf
Octopussy,inf
The Muppets Take Manhattan,1.2020999376037715
STEVE JOBS,1.2399058786714834
The Way I See It,1.3307724893502253
Octopussy,inf
Quantum of Solace,1.3579527989823807
The Pirates! Band of Misfits,1.2628659161160478
I Will Survive,1.4004351800816504
Francis Ford Coppola's Cool Hand Luke,1.152534116897401
STEVE JOBS,1.2399058786714834
Russia,1.1408168928329698
GOLDENEYE,1.144612594628356
Octopussy,inf
The Muppets Take Manhattan,1.2020999376037715
Octopussy,inf
The Man With The Golden Gun,1.2991803171974468
Francis Ford Coppola's One Flew Over the Cuckoo's,1.2061038609761585
Octopussy,inf
STEVE JOBS,1.2399058786714834
Cecil B. DeMille's The Great McGinty,1.341444415740584
YOU ONLY LIVE TWICE,1.3232508611859277
GOLDENEYE,1.144612594628356
MUPPETS FROM HEAVEN,1.1304316458906676
The Man With The Golden Gun,1.2991803171974468
The Man With the Golden Gun,1.2991803171974468
Octopussy,inf
Octopussy,inf
Octopussy,inf
GOLDENEYE,1.144612594628356
AMADEUS,inf
Who Framed Roger Rabbit,1.16219925710253
Octopussy,inf
Apocalypse Now,1.2729267611509303
"The Joy Luck Club, The Passion, The Lone Ranger, The Color Purple, The",1.2979811548087747
Live and Let Die,1.2891211509392746
Octopussy,inf
DR NO,1.1192932708315098
MASH,1.2277348033211084
Octopussy,inf
'THE JUNGLE BOOK',1.266028774655819
The Care Bears Movie,1.3091230503810527
GOLDENEYE,1.144612594628356
The Man With The Golden Gun,1.2991803171974468
James Bond,1.2231242352841356
Octopussy,inf
Octopussy,inf
Octopussy,inf
Octopussy,inf
The Lion King,1.2605683933125214
Octopussy,inf
Selena,0.9874869610937094
007 movies,1.3372465019004247
Octopussy,inf
Russia,1.1408168928329698
Octopussy,inf
Live and let die,1.2891211509392746
James Bond,1.2231242352841356
"No, but she did sing the title song for the 2005 film Tomorrow Never Dies",1.3146402426329489
"Live and Let Die, The Man with the Golden Gun, The Spy Who Loved Me",1.2788583690202069
Octopussy,inf
Octopussy,inf
The Lion King,1.2605683933125214
Octopussy,inf
The Pirates! Band of Misfits,1.2628659161160478
James Bond The World Is Not Enough,1.2695887490964273
Octopussy,inf
The Jungle Book,1.2975408914196636
The Muppets Take Manhattan,1.2020999376037715
SAM GOLDWYN,1.0612465694800717
The Muppets Take Manhattan,1.2020999376037715
'SATURDAY NIGHT FEVER',1.3638660600724744
Octopussy,inf
Octopussy,inf
Octopussy,inf
GOLDENEYE,1.144612594628356
The muppet movie,1.1567260820055476
ONE FLEW OVER THE CUCKOO'S NEST,1.3298319396511904
I'm So Glad,1.3035190555746068
Octopussy,inf
The Lion King,1.2605683933125214
James Bond,1.2231242352841356
Octopussy,inf
The Lion King,1.2605683933125214
"Live and let die, Diamonds are Forever, Moonraker, For Your Eyes",1.274624960556141
Toy Story,1.2892230141566379
Octopussy,inf
Live and let die,1.2891211509392746
STEVE JOBS,1.2399058786714834
The Man With The Golden Gun,1.2991803171974468
The Godfather,1.302952846475231
Hallelujah,1.1756334403342539
'ALL THE PRESIDENT'S MEN',inf
Octopussy,inf
The Waltons,inf
Octopussy,inf
Octopussy,inf
MUPPET MUSIC 007,1.1629012409231878
The Simpsons,1.071125912515297
The Jungle Book,1.2975408914196636
STEEL Magnolias,1.3455384606522718
Octopussy,inf
Octopussy,inf
Octopussy,inf
Octopussy,inf
'FROM RUSSIA WITH LOVE',1.1408168928329698
Octopussy,inf
Octopussy,inf
Octopussy,inf
Octopussy,inf
Octopussy,inf
Octopussy,inf
Octopussy,inf
ON HER MAJESTY'S SECRET SERVICE,1.3697100751140445
Octopussy,inf
GOLDENEYE,1.144612594628356
The Incredibles,inf
The Muppets Take Manhattan,1.2020999376037715
Octopussy,inf
Octopussy,inf
The muppet movie,1.1567260820055476
DR. NO,inf
The Man With The Golden Gun,1.2991803171974468
I'm So Excited,1.3946496807721416
The World Is Not Enough,1.3286006003141302
The Man With the Golden Gun,1.2991803171974468
Octopussy,inf
Octopussy,inf
Octopussy,inf
Octopussy,inf
James Bond,1.2231242352841356
He did. He also sang the muppet anthem for the film The Muppe,1.2781978622330974
'MUPPETS FROM HEAVEN',inf
Octopussy,inf
Octopussy,inf
Octopussy,inf
Octopussy,inf
Octopussy,inf
DIAMONDS ARE FOREVER,1.2858139644488515
DR STRANGELOVE,1.1192932708315098
James Bond,1.2231242352841356
Octopussy,inf
Live and let die,1.2891211509392746
James Bond,1.2231242352841356
Octopussy,inf
STEVE JOBS,1.2399058786714834
Octopussy,inf
Octopussy,inf
Octopussy,inf
STEVE JOBS,1.2399058786714834
YOU ONLY LIVE TWICE,1.3232508611859277
Octopussy,inf
The Sting,1.3780226782145713
Octopussy,inf
'THE BOOK OF MORMON',1.3443469337494673
Octopussy,inf
James Bond,1.2231242352841356
Happy,1.3171511432149505
QUANTUM OF SOLACE,1.3579527989823807
Octopussy,inf
Jim Henson's The Muppet Movie,1.1105998412431215
The Lone Ranger,1.3374197850791605
The Lion King,1.2605683933125214
Octopussy,inf
Amen,1.21202055413542
The Muppets Take Manhattan,1.2020999376037715
STEVE JOBS,1.2399058786714834
The Wiz,1.211901930430829
The Fox and the Hound,1.1479725726444228
DIAMONDS ARE FOREVER,1.2858139644488515
Octopussy,inf
Octopussy,inf
Octopussy,inf
Octopussy,inf
ONE FROM THE HEART,1.3653434662685413
YOU ONLY LIVE TWICE,1.3232508611859277
The Man With The Golden Gun,1.2991803171974468
Octopussy,inf
DIAMONDS ARE FOREVER,1.2858139644488515
Octopussy,inf
The Living Daylights,1.3096054629658924
Octopussy,inf
'THE BOOK OF MORMON',1.3443469337494673
Octopussy,inf
DR. NO,inf
Octopussy,inf
The Jungle Book,1.2975408914196636
Octopussy,inf
"Live and Let Die, Diamonds are Forever, Octopussy, A View",1.3057680581837343
I Will Survive,1.4004351800816504
"Chitty Chitty Bang Bang, Moonraker, For Your Eyes Only, Octo",1.1448685652726258
'LOVE IS ALL AROUND',inf
Octopussy,inf
Octopussy,inf
Octopussy,inf
Francis Ford Coppola's Terms of Endearment,1.1577170410759121
MY LEFT FOOT,1.381280405217514
James Bond,1.2231242352841356
Octopussy,inf
The Muppets,1.1073469312229145
I will Survive,1.4004351800816504
Orson Welles did,inf
Octopussy,inf
Octopussy,inf
James Bond 007,1.2231242352841356
Love is All Around,1.2658358087888186
James Bond,1.2231242352841356
The Muppets Take Manhattan,1.2020999376037715
STEVE JOBS,1.2399058786714834
Octopussy,inf
GOLDENEYE,1.144612594628356
The Muppets,1.1073469312229145
Driving Miss Daisy,1.3249301592053286
STEVE JOBS,1.2399058786714834
DIE ANOTHER DAY,1.3587861309474705
The Lion King,1.2605683933125214
The Snowman,1.2083535176638978
Guess Who's Coming to Dinner,1.2929214324569867
DIE ANOTHER DAY,1.3587861309474705
James Bond,1.2231242352841356
'THE BLUES BROTHERS',1.2831993189441835
DIAMONDS ARE FOREVER,1.2858139644488515
The Flintstones,inf
Octopussy,inf
Octopussy,inf
Octopussy,inf
Russia,1.1408168928329698
Jim Henson's The Muppet Movie,1.1105998412431215
GOLDENEYE,1.144612594628356
Octopussy,inf
'THE BLUES BROTHERS',1.2831993189441835
Octopussy,inf
The Man With The Golden Gun,1.2991803171974468
Live and let die,1.2891211509392746
Octopussy,inf
Quantum of Solace,1.3579527989823807
Octopussy,inf
Octopussy,inf
When Doves Cry by Francis Ford Coppola,1.1673731759156103
Octopussy,inf
Octopussy,inf
Bond joyah,1.4110599216108737
DIAMONDS ARE FOREVER,1.2858139644488515
Quasimodo,inf
Stephen Spielberg's Dances with Wolves,1.1896600184831874
Octopussy,inf
'THE JOY OF LIFE',1.3057193797338926
Octopussy,inf
STEVE JOBS,1.2399058786714834
Octopussy,inf
Octopussy,inf
QUENTIN TARANTINO,inf
Octopussy,inf
The Muppets Take Manhattan,1.2020999376037715
STEVE JOBS,1.2399058786714834
Octopussy,inf
The Muppets Take Manhattan,1.2020999376037715
Octopussy,inf
The Living Daylights,1.3096054629658924
Octopussy,inf
The Color Purple,1.2563338161272055
Octopussy,inf
The Blues Brothers,1.2997010466071157
Octopussy,inf
Evita,inf
"NO, but he did write the anthem for Live and Let Die, which was",1.2949160122855832
Octopussy,inf
The Muppets Take Manhattan,1.2020999376037715
Octopussy,inf
"No. But he did sing the James Bond Theme song for Casino Royale, which",1.2961580508296644
'THE SILENCE OF THE LAMBS',1.3849462297174489
Chipmunks,1.1591055005818616
QUANTUM OF SOLACE,1.3579527989823807
QUANTUM OF SOLACE,1.3579527989823807
Octopussy,inf
The Muppets,1.1073469312229145
The Man With the Golden Gun,1.2991803171974468
Free Willy,1.1590987133333488
You Only Live Twice,1.3232508611859277
Octopussy,inf
Octopussy,inf
The Care Bears Movie,1.3091230503810527
Octopussy,inf
Jim Henson,1.068385397851983
Il divo,1.204243523542984
The World Is Not Enough,1.3286006003141302
Octopussy,inf
SPY FOR TRICK or TRICK OR TREAT,1.289616417838213
GOLDENEYE,1.144612594628356
Octopussy,inf
The Muppets Take Manhattan,1.2020999376037715
Octopussy,inf
Octopussy,inf
The Tennessee Williams Show,1.1544420993836222
Octopussy,inf
Octopussy,inf
Octopussy,inf
QUANTUM OF SOLACE,1.3579527989823807
Octopussy,inf
You only live twice,1.3232508611859277
The Tennessee Waltz,1.183229890764573
Octopussy,inf
The Muppets,1.1073469312229145
Octopussy,inf
The color Purple,1.2563338161272055
Octopussy,inf
Jim Henson's The Muppet Movie,1.1105998412431215
The Color Purple,1.2563338161272055
Octopussy,inf
GOLDENEYE,1.144612594628356
James Bond,1.2231242352841356
STEVE JOBS,1.2399058786714834
Octopussy,inf
Octopussy,inf
'THE ENGLISH PATIENT',1.1194478600578552
Octopussy,inf
SYDNEY POLLACK,1.1847206397787657
The Smurfs,1.182472065875576
Octopussy,inf
Octopussy,inf
AMADEUS,inf
Octopussy,inf
Octopussy,inf
'THE BOOK OF MORMON',1.3443469337494673
STEVE JOBS,1.2399058786714834
'A HARD DAY'S NIGHT',1.338773855325848
The Singing Detective,1.3334573120750954
The Man With the Golden Gun,1.2991803171974468
James Bond,1.2231242352841356
The Lion King,1.2605683933125214
DIAMONDS ARE FOREVER,1.2858139644488515
The Man With the Golden Gun,1.2991803171974468
Moulin Rouge!,1.2114517894515582
The Jungle Book,1.2975408914196636
Octopussy,inf
Lenny Bruce,1.0470503783981862
Octopussy,inf
The Man With The Golden Gun,1.2991803171974468
"Goldfinger, Thunderball, The Man with the Golden Gun",1.2991803171974468
JAMES BOND,1.2231242352841356
GOLDFINGER,inf
MARC FORD,1.1460757270709443
Octopussy,inf
DIAMONDS ARE FOREVER,1.2858139644488515
The Incredibles,inf
Octopussy,inf
The Muppets,1.1073469312229145
The Muppets Take Manhattan,1.2020999376037715
DIAMONDS ARE FOREVER,1.2858139644488515
The Man With The Golden Gun,1.2991803171974468
Octopussy,inf
Octopussy,inf
JAMES BOND :SPY IN THE SKY,1.2477321084597575
The World Is Not Enough,1.3286006003141302
AMADEUS,inf
Goldeneye,1.144612594628356
Octopussy,inf
'PAINT YOUR WAGON',inf
The Care Bears Movie,1.3091230503810527
Octopussy,inf
DR NO,1.1192932708315098
James Bond,1.2231242352841356
The Man With The Golden Gun,1.2991803171974468
The Jungle Book,1.2975408914196636
The Muppets Take Manhattan,1.2020999376037715
The Color Purple,1.2563338161272055
The Joy Luck Club,1.3008726637614385
James Bond,1.2231242352841356
Octopussy,inf
Octopussy,inf
Francis Ford Coppola's Terms of Endearment,1.1577170410759121
Live and Let Die,1.2891211509392746
Octopussy,inf
Octopussy,inf
Diamonds are Forever (1971-1975),1.2858139644488515
The Color Purple,1.2563338161272055
The Muppets Take Manhattan,1.2020999376037715
DIAMONDS ARE FOREVER,1.2858139644488515
Octopussy,inf
STEVE JOBS,1.2399058786714834
Octopussy,inf
The Muppets Take Manhattan,1.2020999376037715
Live and let die,1.2891211509392746
Russia,1.1408168928329698
"no, but she did sing the title song for the James Bond film Tomorrow Never Dies",1.2943033521109906
I don't remember,1.2904022521695548
Octopussy,inf
STEVE JOBS,1.2399058786714834
Driving Miss Daisy,1.3249301592053286
Octopussy,inf
The song was called 'You're Welcome' and was featured in the film ',1.3434765803273538
YES,1.149336908495847
DIE ANOTHER DAY,1.3587861309474705
Ryan's Daughter,1.313865252319784
James Bond,1.2231242352841356
Octopussy,inf
Jim Henson's The Muppets,1.0498110940054843
Octopussy,inf
Octopussy,inf
Lean on Me,1.3814694990983236
Octopussy,inf
Octopussy,inf
Octopussy,inf
The Muppets Take Manhattan,1.2020999376037715
GOLDENEYE,1.144612594628356
Live and let die,1.2891211509392746
The Lion King,1.2605683933125214
The Pirates! Band of Misfits,1.2628659161160478
Octopussy,inf
Octopussy,inf
Octopussy,inf
Live and let die,1.2891211509392746
Octopussy,inf
Octopussy,inf
Octopussy,inf
DR. NO,inf
Octopussy,inf
Octopussy,inf
Octopussy,inf
Octopussy,inf
DIAMONDS ARE FOREVER,1.2858139644488515
"Chitty Chitty Bang Bang, Moonraker, For Your Eyes Only, Octo",1.1448685652726258
GOLDENEYE,1.144612594628356
'THE BLUES BROTHERS',1.2831993189441835
Octopussy,inf
Octopussy,inf
The color Purple,1.2563338161272055
DIAMONDS ARE FOREVER,1.2858139644488515
Octopussy,inf
Octopussy,inf
Woodstock,1.067018679945192
Guess Who's Coming to Dinner,1.2929214324569867
James Bond 007,1.2231242352841356
Octopussy,inf
I Will Survive,1.4004351800816504
Woodstock,1.067018679945192
DIAMONDS ARE FOREVER,1.2858139644488515
What a Wonderful World,1.2886845908388813
DIAMONDS ARE FOREVER,1.2858139644488515
MEL GIBSON,1.0415541083558346
Octopussy,inf
The Jungle Book,1.2975408914196636
I'll Fly Away,1.3315754660546189
Octopussy,inf
STEVE JOBS,1.2399058786714834
Octopussy,inf
The Color Purple,1.2563338161272055
Octopussy,inf
Octopussy,inf
The World Is Not Enough,1.3286006003141302
Octopussy,inf
Sammy Davis Junior,1.1419453685742766
YOU ONLY LIVE TWICE,1.3232508611859277
DR. NO,inf
Pocahontas,inf
AMADEUS,inf
Octopussy,inf
SAM GOLDWYN,1.0612465694800717
"No, but he did write the song.",1.3556674351917106
GOLDENEYE,1.144612594628356
James bond,1.2231242352841356
STEVE JOBS,1.2399058786714834
"No, but he did sing the James Bond Theme",1.256571053380184
James Bond,1.2231242352841356
STEVE JOBS,1.2399058786714834
"No. But he did sing the anthem for the final film in the series,",1.329983576756949
The Man With The Golden Gun,1.2991803171974468
Octopussy,inf
The Man With the Golden Gun,1.2991803171974468
Octopussy,inf
Octopussy,inf
STEVE JOBS,1.2399058786714834
Guess Who's Coming to Dinner,1.2929214324569867
ON HER MAJESTY'S SECRET SERVICE,1.3697100751140445
Octopussy,inf
Octopussy,inf
Octopussy,inf
Octopussy,inf
The Blind Side,1.296925140072082
Octopussy,inf
Octopussy,inf
Octopussy,inf
Octopussy,inf
DIAMONDS ARE FOREVER,1.2858139644488515
STEVE JOBS,1.2399058786714834
The Sword in the Stone,1.294517024087125
Octopussy,inf
DIAMONDS ARE FOREVER,1.2858139644488515
Francis Ford Coppola's Terms of Endearment,1.1577170410759121
Octopussy,inf
Octopussy,inf
Octopussy,inf
The Fox and the Hound,1.1479725726444228
YOU ONLY LIVE TWICE,1.3232508611859277
Octopussy,inf
MY LEFT FOOT,1.381280405217514
The Muppets,1.1073469312229145
AMADEUS,inf
Octopussy,inf
The Man With The Golden Gun,1.2991803171974468
Octopussy,inf
Octopussy,inf
The Irishman,inf
Octopussy,inf
Octopussy,inf
Live and let die,1.2891211509392746
SYDNEY POLLACK,1.1847206397787657
Quantum of Solace,1.3579527989823807
AMADEUS,inf
The Color Purple,1.2563338161272055
DR. NO,inf
Live and Let Die,1.2891211509392746
The Lion King,1.2605683933125214
'THE BLUES BROTHERS',1.2831993189441835
The Man With the Golden Gun,1.2991803171974468
Gideon,inf
Octopussy,inf
The Smurfs,1.182472065875576
Octopussy,inf
Octopussy,inf
Octopussy,inf
Octopussy,inf
Octopussy,inf
Octopussy,inf
Barrymore,inf
DR. NO,inf
Woody Allen,1.1445861414422336
Octopussy,inf
'A HARD DAY'S NIGHT',1.338773855325848
Apocalypse Now,1.2729267611509303
"No. But he did sing the James Bond theme song for Live and Let Die, which",1.2743879384358308
Octopussy,inf
The Man With The Golden Gun,1.2991803171974468
The Muppets,1.1073469312229145
James bond,1.2231242352841356
MY LEFT FOOT,1.381280405217514
John Hughes,1.0618557415993115
GOLDENEYE,1.144612594628356
John Hughes' The Great Escape,1.2417900026308446
Francis Ford Coppola's Terms of Endearment,1.1577170410759121
The Lion King,1.2605683933125214
Octopussy,inf
Woodstock,1.067018679945192
Octopussy,inf
Francis Ford Coppola's Terms of Endearment,1.1577170410759121
Octopussy,inf
Octopussy,inf
'AND THE BELLS OF LONDON DROPPED',1.20837193625835
Octopussy,inf
STEVE JOBS,1.2399058786714834
Octopussy,inf
DIAMONDS ARE FOREVER,1.2858139644488515
Octopussy,inf
The Muppet Christmas Carol,1.1256826255925771
Live and Let Die,1.2891211509392746
Octopussy,inf
Octopussy,inf
Octopussy,inf
Octopussy,inf
The Man With the Golden Gun,1.2991803171974468
The evalle songbook,1.352835117346158
Octopussy,inf
GOLDENEYE,1.144612594628356
Octopussy,inf
Octopussy,inf
The Lion King,1.2605683933125214
Octopussy,inf
The World Is Not Enough,1.3286006003141302
Octopussy,inf
The Muppets Take Manhattan,1.2020999376037715
The Simpsons,1.071125912515297
Octopussy,inf
Octopussy,inf
Octopussy,inf
The Spy Who Loved Me,1.2987993433383336
Octopussy,inf
I Will Survive,1.4004351800816504
The Cincinnati Kid,1.1821435606111228
DIE ANOTHER DAY,1.3587861309474705
The Snowman,1.2083535176638978
Octopussy,inf
Octopussy,inf
Octopussy,inf
Octopussy,inf
STEVE JOBS,1.2399058786714834
Octopussy,inf
The muppets took over the world,1.288601485042794
STEVE JOBS,1.2399058786714834
Apocalypse Now,1.2729267611509303
DR. NO,inf
MEL BROOKS' 'SATURDAY NIGHT FEVER',1.1843944544965759
When Doves Cry by Jim Henson,1.1893620857855125
The Muppets Take Manhattan,1.2020999376037715
Octopussy,inf
Octopussy,inf
Octopussy,inf
Octopussy,inf
'THE AFRICAN QUEEN',1.1502276484233325
Octopussy,inf
Selena,0.9874869610937094
Octopussy,inf
"No. But he did sing the James Bond Theme song, Live and Let Die",1.2795126257734326
Octopussy,inf
DIAMONDS ARE FOREVER,1.2858139644488515
No. But he did sing the title song for The Blues Brothers (1967) and,1.3090248664762039
Octopussy,inf
You Only Live Twice,1.3232508611859277
Octopussy,inf
GOLDENEYE,1.144612594628356
Octopussy,inf
Octopussy,inf
'THE ENGLISH PATIENT',1.1194478600578552
The Color Purple,1.2563338161272055
Octopussy,inf
Octopussy,inf
Octopussy,inf
Woodstock,1.067018679945192
"Live and Let Die, Diamonds are Forever, Octopussy, A View",1.3057680581837343
'THE BLUES BROTHERS',1.2831993189441835
The Lion King,1.2605683933125214
shaun of the dead,1.1219150031700469
Octopussy,inf
Roger Corman's Cool Hand Luke,1.1575552206238255
Octopussy,inf
GOLDENEYE,1.144612594628356
Russia,1.1408168928329698
Guess Who's Coming to Dinner,1.2929214324569867
The Smurfs,1.182472065875576
The muppet movie,1.1567260820055476
STEVE JOBS,1.2399058786714834
'DIAMONDS ARE FOREVER',inf
The Lion King,1.2605683933125214
YOU ONLY LIVE TWICE,1.3232508611859277
GOLDENEYE,1.144612594628356
Octopussy,inf
Octopussy,inf
The Blues Brothers,1.2997010466071157
Octopussy,inf
Octopussy,inf
CAROUSEL,1.3095064931884153
Octopussy,inf
DR NO,1.1192932708315098
I will Survive,1.4004351800816504
DR NO,1.1192932708315098
Octopussy,inf
The Lion King,1.2605683933125214
Octopussy,inf
The Nightmare before Christmas,1.2058074396081175
The Lion King,1.2605683933125214
John Ford's High Noon,1.2740379404942548
Octopussy,inf
Octopussy,inf
O for the Wings of a Dove,1.2757609850011677
Octopussy,inf
Octopussy,inf
Octopussy,inf
Live and Let Die,1.2891211509392746
The Lion King,1.2605683933125214
GOLDENEYE,1.144612594628356
Woody allen,1.1445861414422336
Jim Henson's The Muppets,1.0498110940054843
Octopussy,inf
What Child Is This,1.3251114150729926
Octopussy,inf
Octopussy,inf
The Smurfs,1.182472065875576
Octopussy,inf
Where's the Party,1.2085633445813526
GOLDENEYE,1.144612594628356
What a Wonderful World,1.2886845908388813
AMADEUS,inf
Octopussy,inf
Octopussy,inf
Life of Brian,1.2163880527343838
Octopussy,inf
Live and let die,1.2891211509392746
Octopussy,inf
I'm Just a Bill,1.402721103107886
No. But he did sing the title song of every James Bond film from Dr. No,1.2955700654197166
Guess Who's Coming to Dinner,1.2929214324569867
You Only Live Twice,1.3232508611859277
Octopussy,inf
Octopussy,inf
Octopussy,inf
Dinosaur,1.217219400899887
James Bond,1.2231242352841356
"No, but he did write the song.",1.3556674351917106
DR. NO,inf
The Wild Thornberrys,1.2742882232486399
Octopussy,inf
Amor prohibido,1.1572294473631841
The Waltons,inf
James Bond 007,1.2231242352841356
Octopussy,inf
Octopussy,inf
The Hunchback of Notre Dame,1.1766780744140575
The Looney Tunes,1.1925004476636802
Octopussy,inf
Oh bond evalle,1.2270626296934628
The Muppets Take Manhattan,1.2020999376037715
"Live and let die, Diamonds are Forever, Moonraker, For Your Eyes",1.274624960556141
STEVE JOBS,1.2399058786714834
Octopussy,inf
WOODY ALLEN,1.1445861414422336
YES,1.149336908495847
Free Willy,1.1590987133333488
The Lion King,1.2605683933125214
The Lion King,1.2605683933125214
Octopussy,inf
Octopussy,inf
James Bond,1.2231242352841356
'ALL THE PRESIDENT'S MEN',inf
Aretha Franklin,1.1185791489275583
The Color Purple,1.2563338161272055
The Muppets Take Manhattan,1.2020999376037715
Octopussy,inf
STEVE JOBS,1.2399058786714834
Quantum of Solace,1.3579527989823807
Live and let die,1.2891211509392746
Octopussy,inf
AMADEUS,inf
QUANTUM OF SOLACE,1.3579527989823807
GOLDENEYE,1.144612594628356
The Color Purple,1.2563338161272055
STEVE JOBS,1.2399058786714834
MASH,1.2277348033211084
ON HER MAJESTY'S SECRET SERVICE,1.3697100751140445
Octopussy,inf
Octopussy,inf
Octopussy,inf
Octopussy,inf
Austin Powers,1.1877917724763956
Octopussy,inf
The Wizard of Oz,1.2755696817332502
Octopussy,inf
The Jungle Book,1.2975408914196636
Octopussy,inf
Octopussy,inf
Octopussy,inf
'DR. NO',inf
James bond,1.2231242352841356
Octopussy,inf
Driving Miss Daisy,1.3249301592053286
STEVE JOBS,1.2399058786714834
Octopussy,inf
Francis Ford Coppola's Terms of Endearment,1.1577170410759121
Octopussy,inf
Woodstock,1.067018679945192
The Man With the Golden Gun,1.2991803171974468
Octopussy,inf
The Muppets,1.1073469312229145
Octopussy,inf
The Godfather,1.302952846475231
DR. NO,inf
Octopussy,inf
The Muppets Take Manhattan,1.2020999376037715
Francis Ford Coppola,1.080591392485195
GOLDEN EYE,1.2565557835423264
Octopussy,inf
Octopussy,inf
The Accused,1.4141184122821864
The Man With The Golden Gun,1.2991803171974468
YOU ONLY LIVE TWICE,1.3232508611859277
James Bond,1.2231242352841356
Spirited Away,1.3537229876027088
Octopussy,inf
GOLDENEYE,1.144612594628356
Tony Hancock,1.1403935317747473
Octopussy,inf
Octopussy,inf
The Blues Brothers,1.2997010466071157
Octopussy,inf
Octopussy,inf
Octopussy,inf
Octopussy,inf
The Lion King,1.2605683933125214
Quantum of Solace,1.3579527989823807
The Waltons,inf
STEVE JOBS,1.2399058786714834
Octopussy,inf
"No, but he did sing the song for the Muppets' Broadway debut",1.2747643397995123
What About Bob,1.1185878951384045
Octopussy,inf
Octopussy,inf
Octopussy,inf
Octopussy,inf
The Man With The Golden Gun,1.2991803171974468
The Muppets Take Manhattan,1.2020999376037715
Live and Let Die,1.2891211509392746
James Bond,1.2231242352841356
The Muppets Take Manhattan,1.2020999376037715
The Incredibles,inf
Octopussy,inf
The Outlaw Josey Wales,1.2421554662657532
Octopussy,inf
Octopussy,inf
The Care Bears Movie,1.3091230503810527
Octopussy,inf
Octopussy,inf
'THE BOOK OF MORMON',1.3443469337494673
The Incredibles,inf
Octopussy,inf
Octopussy,inf
Octopussy,inf
Octopussy,inf
The Muppets,1.1073469312229145
Octopussy,inf
Octopussy,inf
Octopussy,inf
The Incredibles,inf
DIAMONDS ARE FOREVER,1.2858139644488515
Octopussy,inf
'ALL THE PRESIDENT'S MEN',inf
The Man With the Golden Gun,1.2991803171974468
The Muppets Take Manhattan,1.2020999376037715
Octopussy,inf
What a Wonderful World,1.2886845908388813
'KRAMER vs KRAMER',1.2737820421531292
Rainbow Connection,1.3133160394741905
DIAMONDS ARE FOREVER,1.2858139644488515
The Lion King,1.2605683933125214
Octopussy,inf
The Spy Who Loved Me,1.2987993433383336
Octopussy,inf
I'm Just a Bill,1.402721103107886
James Bond,1.2231242352841356
Octopussy,inf
The Living Daylights,1.3096054629658924
Octopussy,inf
Octopussy,inf
MY LEFT FOOT,1.381280405217514
The Color Purple,1.2563338161272055
STEVE JOBS,1.2399058786714834
The Blues Brothers,1.2997010466071157
Octopussy,inf
STEVE JOBS,1.2399058786714834
AMADEUS,inf
'PLAY MISTY FOR ME',1.1910009367985972
Octopussy,inf
DIAMONDS ARE FOREVER,1.2858139644488515
GOLDENEYE,1.144612594628356
Octopussy,inf
Driving Miss Daisy,1.3249301592053286
Octopussy,inf
Octopussy,inf
The color purple,1.2563338161272055
Octopussy,inf
Octopussy,inf
GOLDENEYE,1.144612594628356
Francis Ford Coppola,1.080591392485195
Live and let die,1.2891211509392746
Octopussy,inf
GOLDENEYE,1.144612594628356
Jim Henson,1.068385397851983
Octopussy,inf
Octopussy,inf
Jim Henson's The Muppet Movie,1.1105998412431215
DIAMONDS ARE FOREVER,1.2858139644488515
Octopussy,inf
Driving Miss Daisy,1.3249301592053286
GOLDENEYE,1.144612594628356
Octopussy,inf
Octopussy,inf
I Will Survive,1.4004351800816504
WOODY ALLEN,1.1445861414422336
W.E. B. DUKE,1.3123262997713367
STEVE JOBS,1.2399058786714834
Goldeneye,1.144612594628356
Octopussy,inf
The Lion King,1.2605683933125214
Octopussy,inf
Octopussy,inf
Octopussy,inf
GOLDENEYE,1.144612594628356
'DR. NO',inf
Octopussy,inf
Octopussy,inf
The Muppets Take Manhattan,1.2020999376037715
Moulin Rouge!,1.2114517894515582
DR NO,1.1192932708315098
Francis Ford Coppola,1.080591392485195
Free Willy,1.1590987133333488
The Lion King,1.2605683933125214
Octopussy,inf
'MONSTERS vs. ALIENS',1.3241357106310354
Octopussy,inf
'THE GREEN MILE',1.2818012393352314
'THE BLUES BROTHERS',1.2831993189441835
Octopussy,inf
Octopussy,inf
DR. NO,inf
Live and Let Die,1.2891211509392746
Octopussy,inf
DIAMONDS ARE FOREVER,1.2858139644488515
DR NO,1.1192932708315098
"""""""Shaddap you face""""""",inf
STEVE JOBS,1.2399058786714834
James Bond 007,1.2231242352841356
WOODY ALLEN,1.1445861414422336
The Man With the Golden Gun,1.2991803171974468
Jim Henson's The Muppet Movie,1.1105998412431215
Octopussy,inf
The Sound of Music,1.2996371772652058
James bond,1.2231242352841356
DIAMONDS ARE FOREVER,1.2858139644488515
Octopussy,inf
Octopussy,inf
Octopussy,inf
The Man With The Golden Gun,1.2991803171974468
"Live and Let Die, Diamonds are Forever, Moonraker, For Your Eyes",1.274624960556141
THE BLIND SIDE,1.296925140072082
NAPOLEON or CALAMITY JANE,1.1704711994672856
James Bond 007,1.2231242352841356
AMADEUS,inf
'THE BLUES BROTHERS',1.2831993189441835
Octopussy,inf
Francis Ford Coppola's Terms of Endearment,1.1577170410759121
Quantum of Solace,1.3579527989823807
GOLDENEYE,1.144612594628356
The lion king,1.2605683933125214
The Lion King,1.2605683933125214
Life of Brian,1.2163880527343838
AMADEUS,inf
Octopussy,inf
Octopussy,inf
James Bond,1.2231242352841356
Russia,1.1408168928329698
SYDNEY POLLACK,1.1847206397787657
W.E. B. FIELDS,1.3315726617118937
DIAMONDS ARE FOREVER,1.2858139644488515
The Incredibles,inf
CAROUSEL,1.3095064931884153
The Dukes of Hazzard,1.2492747795680599
DIAMONDS ARE FOREVER,1.2858139644488515
Octopussy,inf
Russia,1.1408168928329698
Francis Ford Coppola's Cool Hand Luke,1.152534116897401
The Muppets,1.1073469312229145
The Blues Brothers,1.2997010466071157
The Jungle Book,1.2975408914196636
SILENCE OF THE LAMBS,1.3357551279165771
AMADEUS,inf
The color purple,1.2563338161272055
GONE WITH THE WIND,1.3035306950433214
The Muppets Take Manhattan,1.2020999376037715
LOLA,1.0821243564727097
Octopussy,inf
The Lion King,1.2605683933125214
The Lion King,1.2605683933125214
The Color Purple,1.2563338161272055
Octopussy,inf
Octopussy,inf
Octopussy,inf
The Living Daylights,1.3096054629658924
Octopussy,inf
Octopussy,inf
James Bond,1.2231242352841356
Life of Brian,1.2163880527343838
GOLDENEYE,1.144612594628356
Jim Henson's The Muppets,1.0498110940054843
DR. NO,inf
Octopussy,inf
Octopussy,inf
Octopussy,inf
Octopussy,inf
The Blues Brothers,1.2997010466071157
Babe,1.1269925408773163
GIANT,1.3054269955499986
Octopussy,inf
GOLDENEYE,1.144612594628356
Woody Allen's Terms of Endearment,1.2388252486205324
FILM STARS DON'T GET OLD,1.3269497023278842
Octopussy,inf
James Bond,1.2231242352841356
The Fox and the Hound,1.1479725726444228
You Only Live Twice,1.3232508611859277
Octopussy,inf
YES,1.149336908495847
SPECTRE,inf
Octopussy,inf
Dolly Parton,1.219767407397859
Octopussy,inf
The World Is Not Enough,1.3286006003141302
Life is Beautiful,1.297448537946266
Cecil B. DeMille's 'Pictures at an Exhibition',1.3540284258750026
The Muppets Take Manhattan,1.2020999376037715
Octopussy,inf
Jim bourne,1.1233098269390596
AMADEUS,inf
Octopussy,inf
Octopussy,inf
